"","Name","X","Adjusted","r","r.low","r.hi","k","k.low","k.hi","msy","msy.low","msy.hi","bmsy","bmsy.low","bmsy.hi","year","catch","catch_ma","b","b_lo","b_hi","bbmsy","bbmsy_lo","bbmsy_hi","s","s_lo","s_hi","f","f_lo","f_hi","fmsy","fmsy_lo","fmsy_hi","ffmsy","ffmsy_lo","ffmsy_hi","er","m.rate","p.lo","p.hi","p","f_bar","c","c.lo","c.hi","profit.msy","profit.msy.lo","profit.msy.hi"
"1","Atrina",2,"IUU",0.282239296140523,0.163449696933239,0.487361076713619,15546.8677573717,4769.73823342804,50674.7090167858,1096.9842532576,315.796270424509,3810.60374866841,7773.43387868585,2384.86911671402,25337.3545083929,2015,381.228,607.3874,2519.89499000207,219.583354436559,4594.52008330079,0.324167546714641,0.0282479220719481,0.591054115208802,0.16208377335732,0.014123961035974,0.295527057604401,0.151287256616867,0.0829744985522227,1.73614252764384,0.0914928202163404,0.0529850872660996,0.15798664460246,1.65354239009289,0.906896282746825,18.9757242539756,1.07204955997015,0.53,22500,25000,23750,1.7,85427608.2645497,40230656.1214116,180898380.28352,18237363.2104076,4973791.25918602,66685565.6016972
"2","Atrina",3,"IUU_20",0.282239296140523,0.163449696933239,0.487361076713619,18690.9562874859,5694.15085747294,61352.7557813515,1318.83058669333,374.463415526817,4644.81720851398,9345.47814374297,2847.07542873647,30676.3778906757,2015,457.4736,728.86488,2985.7034895711,278.697550059956,5530.5226446735,0.319481084182953,0.0298216469797804,0.591785948199593,0.159740542091477,0.0149108234898902,0.295892974099796,0.15322137700476,0.0827179688777872,1.64146975781303,0.090170116330008,0.0522190863856063,0.155702645177038,1.69924785772699,0.917354576487989,18.2041437298973,1.08575509576436,0.53,22500,25000,23750,1.7,104210444.797473,48404294.8614806,223734985.518359,21925558.5037766,5897798.79454737,81284301.1489947
"3","Atrina",4,"IUU_40",0.282239296140523,0.163449696933239,0.487361076713619,21886.7660591325,6674.71528762336,71767.9343440222,1544.32636183046,439.388539520442,5427.8700906662,10943.3830295663,3337.35764381168,35883.9671720111,2015,533.7192,850.34236,3536.75226258949,309.600407459323,6483.78026549644,0.323186372352506,0.0282911058328911,0.592484083576249,0.161593186176253,0.0141455529164455,0.296242041788124,0.150906583320944,0.0823160530038621,1.72389695601458,0.0912158942549803,0.05282471461397,0.157508458408886,1.65438912322788,0.902431025603498,18.8990851878915,1.06935203839093,0.53,22500,25000,23750,1.7,120629473.820471,56145549.7381642,258456124.142345,25674425.7654314,6920369.49744696,94987726.5866585
"4","Atrina",5,"IUU_60",0.282239296140523,0.163449696933239,0.487361076713619,24745.7719757284,7504.24906038978,81600.8671549796,1746.05731622087,491.333186609535,6204.98723598589,12372.8859878642,3752.12453019489,40800.4335774898,2015,609.9648,971.81984,4041.9670444917,378.715743811476,7314.63775238403,0.326679405957204,0.0306085212603538,0.591182829903912,0.163339702978602,0.0153042606301769,0.295591414951956,0.150907910254055,0.0833896114405934,1.61061379139189,0.0922017656009655,0.0533956498980355,0.159210827027468,1.63671388796566,0.904425320893423,17.4683617053752,1.06936144128506,0.53,22500,25000,23750,1.7,134928635.010254,62111782.8127864,292300499.524855,29028202.882172,7738497.68910018,108587276.629753
"5","Atrina",4,"IUU_40_legal",0.282239296140523,0.163449696933239,0.487361076713619,21886.7660591325,6674.71528762336,71767.9343440222,1544.32636183046,439.388539520442,5427.8700906662,10943.3830295663,3337.35764381168,35883.9671720111,2015,533.7192,850.34236,3536.75226258949,309.600407459323,6483.78026549644,0.323186372352506,0.0282911058328911,0.592484083576249,0.161593186176253,0.0141455529164455,0.296242041788124,0.0905439499925664,0.0823160530038621,1.72389695601458,0.0912158942549803,0.05282471461397,0.157508458408886,1.65438912322788,0.902431025603498,18.8990851878915,1.06935203839093,0.53,22500,25000,23750,1.7,120629473.820471,56145549.7381642,258456124.142345,25674425.7654314,6920369.49744696,94987726.5866585
"6","Atrina",3,"IUU_20_legal",0.282239296140523,0.163449696933239,0.487361076713619,18690.9562874859,5694.15085747294,61352.7557813515,1318.83058669333,374.463415526817,4644.81720851398,9345.47814374297,2847.07542873647,30676.3778906757,2015,457.4736,728.86488,2985.7034895711,278.697550059956,5530.5226446735,0.319481084182953,0.0298216469797804,0.591785948199593,0.159740542091477,0.0149108234898902,0.295892974099796,0.122577101603808,0.0827179688777872,1.64146975781303,0.090170116330008,0.0522190863856063,0.155702645177038,1.69924785772699,0.917354576487989,18.2041437298973,1.08575509576436,0.53,22500,25000,23750,1.7,104210444.797473,48404294.8614806,223734985.518359,21925558.5037766,5897798.79454737,81284301.1489947
"7","Atrina",5,"IUU_60_legal",0.282239296140523,0.163449696933239,0.487361076713619,24745.7719757284,7504.24906038978,81600.8671549796,1746.05731622087,491.333186609535,6204.98723598589,12372.8859878642,3752.12453019489,40800.4335774898,2015,609.9648,971.81984,4041.9670444917,378.715743811476,7314.63775238403,0.326679405957204,0.0306085212603538,0.591182829903912,0.163339702978602,0.0153042606301769,0.295591414951956,0.060363164101622,0.0833896114405934,1.61061379139189,0.0922017656009655,0.0533956498980355,0.159210827027468,1.63671388796566,0.904425320893423,17.4683617053752,1.06936144128506,0.53,22500,25000,23750,1.7,134928635.010254,62111782.8127864,292300499.524855,29028202.882172,7738497.68910018,108587276.629753
"8","Callinectes",8,"IUU_40",1.19124621661236,0.957432554090967,1.48215928373209,9479.81672306576,6923.3408838582,12980.2831624891,2823.19895138266,2340.04040698068,3406.11738810627,4739.90836153288,3461.6704419291,6490.14158124457,2015,1115.184,1501.719772,4573.70610045282,3011.72996422115,5626.87480926278,0.964935553938366,0.635398352563753,1.18712734088451,0.482467776969183,0.317699176281876,0.593563670442255,0.243825024063,0.198188877094656,0.37028020879966,0.595623108306179,0.478716277045483,0.741079641866047,0.409361256577813,0.33274208863095,0.621668641857525,0.409361256577813,0.6,1500,2000,1750,1.7,2488451.88980476,2199670.73114846,2757693.3940835,3458418.71544376,2457042.42732971,4768564.34334878
"9","Callinectes",6,"IUU",1.19422805790246,0.962111433293847,1.48234456522241,6725.36951523706,4914.75068706345,9203.02941012559,2007.90624371449,1658.56315276905,2430.83145602056,3362.68475761853,2457.37534353173,4601.51470506279,2015,796.56,1072.65698,3205.31777080764,2136.37957506077,3990.74105942703,0.953201980514422,0.635319611872795,1.18677228080497,0.476600990257211,0.317659805936397,0.593386140402483,0.248512021882714,0.199602025823837,0.372855090592852,0.59711402895123,0.481055716646924,0.741172282611206,0.416188549981316,0.334277903626578,0.624428622532507,0.416188549981316,0.6,1500,2000,1750,1.7,1765409.49774973,1551490.59229217,1967827.05968703,2459685.14855025,1741491.3104075,3403164.03842878
"10","Callinectes",7,"IUU_20",1.19124621661236,0.957432554090967,1.48215928373209,8100.14008419238,5923.1976897922,11077.1702752069,2412.31530733107,2004.42529918174,2903.20878725656,4050.07004209619,2961.5988448961,5538.58513760343,2015,955.872,1287.188376,3941.24445107467,2586.63709675891,4815.04454479484,0.973129948398326,0.63866478107133,1.18887932671474,0.486564974199163,0.319332390535665,0.594439663357368,0.242530503211837,0.198517789629447,0.369542368814596,0.595623108306179,0.478716277045483,0.741079641866047,0.407187867343731,0.333294304504048,0.620429871946194,0.407187867343731,0.6,1500,2000,1750,1.7,2126286.7721005,1884187.83292402,2350523.71424986,2955086.25148056,2104646.56414083,4064492.30215918
"11","Callinectes",7,"IUU_20_legal",1.19124621661236,0.957432554090967,1.48215928373209,8100.14008419238,5923.1976897922,11077.1702752069,2412.31530733107,2004.42529918174,2903.20878725656,4050.07004209619,2961.5988448961,5538.58513760343,2015,955.872,1287.188376,3941.24445107467,2586.63709675891,4815.04454479484,0.973129948398326,0.63866478107133,1.18887932671474,0.486564974199163,0.319332390535665,0.594439663357368,0.19402440256947,0.198517789629447,0.369542368814596,0.595623108306179,0.478716277045483,0.741079641866047,0.407187867343731,0.333294304504048,0.620429871946194,0.407187867343731,0.6,1500,2000,1750,1.7,2126286.7721005,1884187.83292402,2350523.71424986,2955086.25148056,2104646.56414083,4064492.30215918
"12","Callinectes",9,"IUU_60",1.19124621661236,0.957432554090967,1.48215928373209,10798.6065093955,7871.46991982948,14814.2473683346,3215.94978725075,2655.63838272185,3894.48092835513,5399.30325469776,3935.73495991474,7407.12368416732,2015,1274.496,1716.251168,5235.43086603888,3421.33657539654,6417.78369148182,0.969649345308342,0.633662606822416,1.18863182687468,0.484824672654171,0.316831303411208,0.594315913437342,0.243436697496549,0.198588182660567,0.372514066334524,0.595623108306179,0.478716277045483,0.741079641866047,0.408709289652695,0.333412488352421,0.625419096639606,0.408709289652695,0.6,1500,2000,1750,1.7,2834634.20871632,2496337.24510122,3153086.96259591,3939538.48938217,2788420.30185794,5452273.29969718
"13","Callinectes",9,"IUU_60_legal",1.19124621661236,0.957432554090967,1.48215928373209,10798.6065093955,7871.46991982948,14814.2473683346,3215.94978725075,2655.63838272185,3894.48092835513,5399.30325469776,3935.73495991474,7407.12368416732,2015,1274.496,1716.251168,5235.43086603888,3421.33657539654,6417.78369148182,0.969649345308342,0.633662606822416,1.18863182687468,0.484824672654171,0.316831303411208,0.594315913437342,0.0973746789986196,0.198588182660567,0.372514066334524,0.595623108306179,0.478716277045483,0.741079641866047,0.408709289652695,0.333412488352421,0.625419096639606,0.408709289652695,0.6,1500,2000,1750,1.7,2834634.20871632,2496337.24510122,3153086.96259591,3939538.48938217,2788420.30185794,5452273.29969718
"14","Callinectes",8,"IUU_40_legal",1.19124621661236,0.957432554090967,1.48215928373209,9479.81672306576,6923.3408838582,12980.2831624891,2823.19895138266,2340.04040698068,3406.11738810627,4739.90836153288,3461.6704419291,6490.14158124457,2015,1115.184,1501.719772,4573.70610045282,3011.72996422115,5626.87480926278,0.964935553938366,0.635398352563753,1.18712734088451,0.482467776969183,0.317699176281876,0.593563670442255,0.1462950144378,0.198188877094656,0.37028020879966,0.595623108306179,0.478716277045483,0.741079641866047,0.409361256577813,0.33274208863095,0.621668641857525,0.409361256577813,0.6,1500,2000,1750,1.7,2488451.88980476,2199670.73114846,2757693.3940835,3458418.71544376,2457042.42732971,4768564.34334878
"15","Cephalopholis",13,"IUU_60",0.453277843706809,0.391679059615924,0.524564177101955,2436.08043923562,1613.17006498292,3678.77388456824,276.055322148265,163.856831571772,465.080034536141,1218.04021961781,806.585032491459,1839.38694228412,2015,367.595792,266.074250666667,669.834757149779,53.2763032432724,962.306315015185,0.549928275241975,0.043739362941553,0.790044778092083,0.274964137620988,0.0218696814707765,0.395022389046042,0.548785783473167,0.381994575182851,6.89979915313323,0.226638921853405,0.195839529807962,0.262282088550978,2.42141013990586,1.68547649300032,30.4440168383619,2.42141013990586,0.09,1000,1500,1250,1.7,456765.082356679,251006.778456497,797942.462245514,241548.406879732,114699.78210024,488334.036262948
"16","Cephalopholis",12,"IUU_40",0.453277843706809,0.391679059615924,0.524564177101955,2138.35758932992,1420.50298865237,3218.98173842131,242.31752929139,144.725449909791,405.718448541588,1069.17879466496,710.251494326186,1609.49086921066,2015,321.646318,232.814969333333,586.581775994974,53.0879591119403,845.62085993294,0.548628329444923,0.0496530228403716,0.790906875587561,0.274314164722461,0.0248265114201858,0.395453437793781,0.548340114137395,0.380367057200443,6.05874332674538,0.226638921853405,0.195839529807962,0.262282088550978,2.41944371096185,1.67829538761428,26.7330221887674,2.41944371096185,0.09,1000,1500,1250,1.7,400942.047999361,221700.057263782,696095.196024905,212027.838129966,101307.814936854,426004.370968667
"17","Cephalopholis",11,"IUU_20_legal",0.453277843706809,0.391679059615924,0.524564177101955,1839.6432706376,1211.76226631469,2792.86412630655,208.467383726089,122.45860017161,354.884426383271,919.821635318801,605.881133157343,1396.43206315328,2015,275.696844,199.555688,508.083724951897,41.4838462534051,725.202223989275,0.55237200935788,0.0450998809557543,0.788416140850968,0.27618600467894,0.0225499404778771,0.394208070425484,0.434096713530593,0.380165469547812,6.64588433569778,0.226638921853405,0.195839529807962,0.262282088550978,2.39420875935962,1.67740592144941,29.3236672736931,2.39420875935962,0.09,1000,1500,1250,1.7,344933.11324455,187590.217804891,608878.756283933,182408.960760328,85721.020120127,372628.647702435
"18","Cephalopholis",10,"IUU",0.453277843706809,0.391679059615924,0.524564177101955,1536.35603667503,1018.57440716184,2317.34653338168,174.099037867499,103.578358198116,292.633282798455,768.178018337514,509.287203580922,1158.67326669084,2015,229.74737,166.296406666667,429.396765013491,36.7708612781552,607.408111743517,0.558980802318178,0.0478676301591322,0.790712695812445,0.279490401159089,0.0239338150795661,0.395356347906223,0.535046811525889,0.378242182740247,6.24808236777658,0.226638921853405,0.195839529807962,0.262282088550978,2.36078960820317,1.66891979386005,27.5684437460304,2.36078960820317,0.09,1000,1500,1250,1.7,288066.756876567,158668.209068441,502073.847233796,152336.658134062,72504.8507386812,307264.946938378
"19","Cephalopholis",11,"IUU_20",0.453277843706809,0.391679059615924,0.524564177101955,1839.6432706376,1211.76226631469,2792.86412630655,208.467383726089,122.45860017161,354.884426383271,919.821635318801,605.881133157343,1396.43206315328,2015,275.696844,199.555688,508.083724951897,41.4838462534051,725.202223989275,0.55237200935788,0.0450998809557543,0.788416140850968,0.27618600467894,0.0225499404778771,0.394208070425484,0.542620891913241,0.380165469547812,6.64588433569778,0.226638921853405,0.195839529807962,0.262282088550978,2.39420875935962,1.67740592144941,29.3236672736931,2.39420875935962,0.09,1000,1500,1250,1.7,344933.11324455,187590.217804891,608878.756283933,182408.960760328,85721.020120127,372628.647702435
"20","Cephalopholis",12,"IUU_40_legal",0.453277843706809,0.391679059615924,0.524564177101955,2138.35758932992,1420.50298865237,3218.98173842131,242.31752929139,144.725449909791,405.718448541588,1069.17879466496,710.251494326186,1609.49086921066,2015,321.646318,232.814969333333,586.581775994974,53.0879591119403,845.62085993294,0.548628329444923,0.0496530228403716,0.790906875587561,0.274314164722461,0.0248265114201858,0.395453437793781,0.329004068482437,0.380367057200443,6.05874332674538,0.226638921853405,0.195839529807962,0.262282088550978,2.41944371096185,1.67829538761428,26.7330221887674,2.41944371096185,0.09,1000,1500,1250,1.7,400942.047999361,221700.057263782,696095.196024905,212027.838129966,101307.814936854,426004.370968667
"21","Cephalopholis",13,"IUU_60_legal",0.453277843706809,0.391679059615924,0.524564177101955,2436.08043923562,1613.17006498292,3678.77388456824,276.055322148265,163.856831571772,465.080034536141,1218.04021961781,806.585032491459,1839.38694228412,2015,367.595792,266.074250666667,669.834757149779,53.2763032432724,962.306315015185,0.549928275241975,0.043739362941553,0.790044778092083,0.274964137620988,0.0218696814707765,0.395022389046042,0.219514313389267,0.381994575182851,6.89979915313323,0.226638921853405,0.195839529807962,0.262282088550978,2.42141013990586,1.68547649300032,30.4440168383619,2.42141013990586,0.09,1000,1500,1250,1.7,456765.082356679,251006.778456497,797942.462245514,241548.406879732,114699.78210024,488334.036262948
"22","Dasyatis",15,"IUU_20",0.609570907296309,0.422844829740598,0.878754249519844,1139.1969118536,700.096187557072,1853.70185846212,173.605323786939,136.921357144524,220.117657870975,569.598455926802,350.048093778536,926.85092923106,2015,119.04204,117.8006,475.562133049467,350.004582363108,663.171943804158,0.834907693483249,0.614476002737069,1.16427974286746,0.417453846741625,0.307238001368535,0.582139871433729,0.250318584527876,0.179504035284029,0.340115661332974,0.304785453648155,0.211422414870299,0.439377124759922,0.821294394242466,0.588952107574168,1.11591828698493,0.821294394242466,0.6,1250,1250,1250,1.7,213599.420972551,242857.45180186,187866.2248216,151904.658313572,119806.187501458,192602.950637103
"23","Dasyatis",15,"IUU_20_legal",0.609570907296309,0.422844829740598,0.878754249519844,1139.1969118536,700.096187557072,1853.70185846212,173.605323786939,136.921357144524,220.117657870975,569.598455926802,350.048093778536,926.85092923106,2015,119.04204,117.8006,475.562133049467,350.004582363108,663.171943804158,0.834907693483249,0.614476002737069,1.16427974286746,0.417453846741625,0.307238001368535,0.582139871433729,0.200254867622301,0.179504035284029,0.340115661332974,0.304785453648155,0.211422414870299,0.439377124759922,0.821294394242466,0.588952107574168,1.11591828698493,0.821294394242466,0.6,1250,1250,1250,1.7,213599.420972551,242857.45180186,187866.2248216,151904.658313572,119806.187501458,192602.950637103
"24","Dasyatis",16,"IUU_40",0.609570907296309,0.422844829740598,0.878754249519844,1319.15820658692,809.357715879572,2150.0732492733,201.030116214139,158.040108573324,255.714248679602,659.579103293458,404.678857939786,1075.03662463665,2015,138.88238,137.434033333333,554.617227521565,403.701619416859,761.694693976038,0.840865371192341,0.612059444274489,1.15481932367579,0.42043268559617,0.306029722137244,0.577409661837897,0.250411226172378,0.182333395648374,0.344022350469174,0.304785453648155,0.211422414870299,0.439377124759922,0.821598351151804,0.598235228964897,1.12873612028189,0.821598351151804,0.6,1250,1250,1250,1.7,247342.163735046,280315.787478606,218247.236487897,175901.351687372,138285.095001659,223749.967594652
"25","Dasyatis",17,"IUU_60",0.609570907296309,0.422844829740598,0.878754249519844,1525.33571392596,937.967119398895,2480.52302906852,232.450068767328,183.549763066803,294.37812159022,762.66785696298,468.983559699448,1240.26151453426,2015,158.72272,157.067466666667,643.284156460279,467.280044674879,883.563742646959,0.84346567196617,0.61269141004006,1.15851708522947,0.421732835983085,0.30634570502003,0.579258542614735,0.246738114728931,0.179639240882047,0.339673653537752,0.304785453648155,0.211422414870299,0.439377124759922,0.809546885442133,0.589395716665085,1.11446806096551,0.809546885442133,0.6,1250,1250,1250,1.7,286000.446361117,325562.269224277,251246.114955691,203393.810171412,160606.042683453,257580.856391442
"26","Dasyatis",16,"IUU_40_legal",0.609570907296309,0.422844829740598,0.878754249519844,1319.15820658692,809.357715879572,2150.0732492733,201.030116214139,158.040108573324,255.714248679602,659.579103293458,404.678857939786,1075.03662463665,2015,138.88238,137.434033333333,554.617227521565,403.701619416859,761.694693976038,0.840865371192341,0.612059444274489,1.15481932367579,0.42043268559617,0.306029722137244,0.577409661837897,0.150246735703427,0.182333395648374,0.344022350469174,0.304785453648155,0.211422414870299,0.439377124759922,0.821598351151804,0.598235228964897,1.12873612028189,0.821598351151804,0.6,1250,1250,1250,1.7,247342.163735046,280315.787478606,218247.236487897,175901.351687372,138285.095001659,223749.967594652
"27","Dasyatis",14,"IUU",0.609570907296309,0.422844829740598,0.878754249519844,950.954617769032,585.119465134612,1545.52145150085,144.918567287771,114.567869098599,183.309607745833,475.477308884516,292.559732567306,772.760725750425,2015,99.2017,98.1671666666667,398.962140016129,292.254518955666,553.817474081973,0.839077139037625,0.614655028735869,1.16476110159966,0.419538569518813,0.307327514367935,0.582380550799832,0.2486494081769,0.179123456088922,0.339435983246673,0.304785453648155,0.211422414870299,0.439377124759922,0.815817832513561,0.587703428575377,1.11368826557753,0.815817832513561,0.6,1250,1250,1250,1.7,178303.990831693,203209.063420882,156451.255723083,126803.7463768,100246.885461274,160395.906777604
"28","Dasyatis",17,"IUU_60_legal",0.609570907296309,0.422844829740598,0.878754249519844,1525.33571392596,937.967119398895,2480.52302906852,232.450068767328,183.549763066803,294.37812159022,762.66785696298,468.983559699448,1240.26151453426,2015,158.72272,157.067466666667,643.284156460279,467.280044674879,883.563742646959,0.84346567196617,0.61269141004006,1.15851708522947,0.421732835983085,0.30634570502003,0.579258542614735,0.0986952458915724,0.179639240882047,0.339673653537752,0.304785453648155,0.211422414870299,0.439377124759922,0.809546885442133,0.589395716665085,1.11446806096551,0.809546885442133,0.6,1250,1250,1250,1.7,286000.446361117,325562.269224277,251246.114955691,203393.810171412,160606.042683453,257580.856391442
"29","Epinephelus",20,"IUU_40",0.44541448649594,0.406493435075683,0.48806216204575,1088.57030124631,882.736675055266,1342.39953345237,121.216245436089,96.1577714986795,152.804894795466,544.285150623155,441.368337527633,671.199766726184,2015,593.010264,337.575214666667,387.056101323234,202.406332529428,433.907551413758,0.71112743178845,0.371875536743362,0.797206300625645,0.355563715894225,0.185937768371681,0.398603150312823,1.53210416260761,1.36667421912307,2.92980094342544,0.22270724324797,0.203246717537842,0.244031081022875,6.87945367318706,6.1366401882195,13.1553913590646,6.87945367318706,0.25,2500,2500,2500,1.7,408213.862967366,354831.455571144,469627.354909995,212128.429513156,168276.100122689,267408.565892066
"30","Epinephelus",21,"IUU_60",0.440982538304776,0.398643597745818,0.487818191962331,1259.41758915107,1015.3615087881,1562.1358995145,138.84529131238,110.941679359437,173.767109267937,629.708794575536,507.680754394049,781.067949757252,2015,677.726016,385.800245333333,446.191240393938,246.413576707089,501.342174980263,0.708567585902464,0.391313538622544,0.796149234851008,0.354283792951232,0.195656769311272,0.398074617425504,1.5189137630798,1.35182326527123,2.75035988299301,0.220491269152388,0.199321798872909,0.243909095981165,6.88877055730508,6.13096051588757,12.4737813590803,6.88877055730508,0.25,2500,2500,2500,1.7,472281.595931651,417446.862260317,534319.277543535,242979.259796665,194147.938879015,304092.44121889
"31","Epinephelus",19,"IUU_20_legal",0.440982538304776,0.398643597745818,0.487818191962331,932.937323387166,747.490885245691,1164.39152175445,102.852267236634,81.1877178121068,130.297896785301,466.468661693583,373.745442622845,582.195760877224,2015,508.294512,289.350184,333.425468067042,186.642155228818,371.961726668427,0.714786427144948,0.400117243784794,0.79739917643763,0.357393213572474,0.200058621892397,0.398699588218815,1.21956973460179,1.3665236919741,2.72336392267248,0.220491269152388,0.199321798872909,0.243909095981165,6.91393438893327,6.19763175760785,12.351345852113,6.91393438893327,0.25,2500,2500,2500,1.7,349851.496270187,305489.859630983,400655.097325776,179991.467664109,142078.506171187,228021.319374277
"32","Epinephelus",18,"IUU",0.442086373870081,0.400591729998982,0.487879173047564,791.756241308435,643.600206833804,974.017626151477,87.5061614272626,70.7269774722104,108.26601901294,395.878120654218,321.800103416902,487.008813075738,2015,423.57876,241.125153333333,279.308311318624,157.245867183124,315.583994668266,0.705541167208347,0.397207774259571,0.797174630784698,0.352770583604174,0.198603887129785,0.398587315392349,1.51652758917295,1.34220609142506,2.69373540677361,0.22104318693504,0.200295864999491,0.243939586523782,6.86077508291909,6.07214413633795,12.1864665639536,6.86077508291909,0.25,2500,2500,2500,1.7,296908.590490663,264834.389388381,332867.311193006,153135.78249771,123772.210576368,189465.533272645
"33","Epinephelus",19,"IUU_20",0.440982538304776,0.398643597745818,0.487818191962331,932.937323387166,747.490885245691,1164.39152175445,102.852267236634,81.1877178121068,130.297896785301,466.468661693583,373.745442622845,582.195760877224,2015,508.294512,289.350184,333.425468067042,186.642155228818,371.961726668427,0.714786427144948,0.400117243784794,0.79739917643763,0.357393213572474,0.200058621892397,0.398699588218815,1.52446216825224,1.3665236919741,2.72336392267248,0.220491269152388,0.199321798872909,0.243909095981165,6.91393438893327,6.19763175760785,12.351345852113,6.91393438893327,0.25,2500,2500,2500,1.7,349851.496270187,305489.859630983,400655.097325776,179991.467664109,142078.506171187,228021.319374277
"34","Epinephelus",20,"IUU_40_legal",0.44541448649594,0.406493435075683,0.48806216204575,1088.57030124631,882.736675055266,1342.39953345237,121.216245436089,96.1577714986795,152.804894795466,544.285150623155,441.368337527633,671.199766726184,2015,593.010264,337.575214666667,387.056101323234,202.406332529428,433.907551413758,0.71112743178845,0.371875536743362,0.797206300625645,0.355563715894225,0.185937768371681,0.398603150312823,0.919262497564566,1.36667421912307,2.92980094342544,0.22270724324797,0.203246717537842,0.244031081022875,6.87945367318706,6.1366401882195,13.1553913590646,6.87945367318706,0.25,2500,2500,2500,1.7,408213.862967366,354831.455571144,469627.354909995,212128.429513156,168276.100122689,267408.565892066
"35","Epinephelus",21,"IUU_60_legal",0.440982538304776,0.398643597745818,0.487818191962331,1259.41758915107,1015.3615087881,1562.1358995145,138.84529131238,110.941679359437,173.767109267937,629.708794575536,507.680754394049,781.067949757252,2015,677.726016,385.800245333333,446.191240393938,246.413576707089,501.342174980263,0.708567585902464,0.391313538622544,0.796149234851008,0.354283792951232,0.195656769311272,0.398074617425504,0.60756550523192,1.35182326527123,2.75035988299301,0.220491269152388,0.199321798872909,0.243909095981165,6.88877055730508,6.13096051588757,12.4737813590803,6.88877055730508,0.25,2500,2500,2500,1.7,472281.595931651,417446.862260317,534319.277543535,242979.259796665,194147.938879015,304092.44121889
"36","Lutjanus",23,"IUU_20_legal",0.380031931320964,0.31056098123495,0.465043188134056,1130.11495884996,719.478766949788,1775.11815342506,107.369942606616,65.8198808947486,175.149277370809,565.057479424981,359.739383474894,887.559076712532,2015,48.751728,30.341616,216.600182518919,116.921876589774,332.915042064909,0.383324157994223,0.206920323767341,0.589170224600324,0.191662078997111,0.10346016188367,0.294585112300162,0.180061632203812,0.146438946397907,0.41695984893441,0.145675420084527,0.119045526637747,0.178262288522436,1.54505846026849,1.00524128444549,2.86225259341948,1.18451646666854,0.08,2250,2500,2375,1.7,525147.509873833,373205.284219961,736902.679287513,178502.529583499,103666.312409229,306511.235398916
"37","Lutjanus",24,"IUU_40_legal",0.380031931320964,0.31056098123495,0.465043188134056,1305.41279706225,832.806820873727,2046.21591468963,124.024636609667,76.3393383352687,201.496513090073,652.706398531127,416.403410436864,1023.10795734481,2015,56.877016,35.398552,249.151887526948,134.713176039496,385.580542004527,0.381721227320045,0.206391689039144,0.590741170719716,0.190860613660023,0.103195844519572,0.295370585359858,0.136969500567436,0.147510078450308,0.422208262563155,0.145066255244646,0.118547718914723,0.177516856531359,1.5736430264967,1.01684625553711,2.91045124071843,1.2013858948759,0.08,2250,2500,2375,1.7,609153.062063682,434669.294761999,851312.871185607,206190.958363571,120234.457878048,352618.897907628
"38","Lutjanus",22,"IUU",0.380031931320964,0.31056098123495,0.465043188134056,931.377202591455,595.996531517014,1455.48413058562,88.4882692722868,54.7919431465574,142.907393845489,465.688601295728,297.998265758507,727.742065292809,2015,40.62644,25.28468,179.902977249184,97.3677577220785,274.515271466317,0.38631604198304,0.20908340348285,0.58948247971393,0.19315802099152,0.104541701741425,0.294741239856965,0.225824167121639,0.147993369487223,0.417247361451642,0.146812431535085,0.119974689065055,0.179653643791123,1.53818150656861,1.00804385527703,2.84204380438947,1.18844838293819,0.08,2250,2500,2375,1.7,429445.185242622,308269.701819121,596595.444001858,147111.747665177,86297.3104558279,250087.939229606
"39","Lutjanus",23,"IUU_20",0.380031931320964,0.31056098123495,0.465043188134056,1130.11495884996,719.478766949788,1775.11815342506,107.369942606616,65.8198808947486,175.149277370809,565.057479424981,359.739383474894,887.559076712532,2015,48.751728,30.341616,216.600182518919,116.921876589774,332.915042064909,0.383324157994223,0.206920323767341,0.589170224600324,0.191662078997111,0.10346016188367,0.294585112300162,0.225077040254765,0.146438946397907,0.41695984893441,0.145675420084527,0.119045526637747,0.178262288522436,1.54505846026849,1.00524128444549,2.86225259341948,1.18451646666854,0.08,2250,2500,2375,1.7,525147.509873833,373205.284219961,736902.679287513,178502.529583499,103666.312409229,306511.235398916
"40","Lutjanus",24,"IUU_40",0.380031931320964,0.31056098123495,0.465043188134056,1305.41279706225,832.806820873727,2046.21591468963,124.024636609667,76.3393383352687,201.496513090073,652.706398531127,416.403410436864,1023.10795734481,2015,56.877016,35.398552,249.151887526948,134.713176039496,385.580542004527,0.381721227320045,0.206391689039144,0.590741170719716,0.190860613660023,0.103195844519572,0.295370585359858,0.228282500945726,0.147510078450308,0.422208262563155,0.145066255244646,0.118547718914723,0.177516856531359,1.5736430264967,1.01684625553711,2.91045124071843,1.2013858948759,0.08,2250,2500,2375,1.7,609153.062063682,434669.294761999,851312.871185607,206190.958363571,120234.457878048,352618.897907628
"41","Lutjanus",25,"IUU_60",0.380031931320964,0.31056098123495,0.465043188134056,1501.04756112176,955.0210480855,2359.26086159711,142.611500914431,87.314477665298,232.92861317946,750.523780560878,477.51052404275,1179.63043079856,2015,65.002304,40.455488,291.219119166958,156.278689254498,445.117888692062,0.388021174957741,0.208226165915367,0.593076329119669,0.19401058747887,0.104113082957683,0.296538164559835,0.223207542780643,0.146033906188321,0.415938374643933,0.14746043651262,0.120504236834814,0.18044660426587,1.51367748569998,0.990326013146061,2.82067776605514,1.17467783301677,0.08,2250,2500,2375,1.7,689070.891179927,489088.798635908,968133.817731462,237091.620270242,137520.302322844,407625.073064055
"42","Lutjanus",25,"IUU_60_legal",0.380031931320964,0.31056098123495,0.465043188134056,1501.04756112176,955.0210480855,2359.26086159711,142.611500914431,87.314477665298,232.92861317946,750.523780560878,477.51052404275,1179.63043079856,2015,65.002304,40.455488,291.219119166958,156.278689254498,445.117888692062,0.388021174957741,0.208226165915367,0.593076329119669,0.19401058747887,0.104113082957683,0.296538164559835,0.0892830171122572,0.146033906188321,0.415938374643933,0.14746043651262,0.120504236834814,0.18044660426587,1.51367748569998,0.990326013146061,2.82067776605514,1.17467783301677,0.08,2250,2500,2375,1.7,689070.891179927,489088.798635908,968133.817731462,237091.620270242,137520.302322844,407625.073064055
"43","Micropogonias",27,"IUU_20_legal",0.778800783071405,0.502580225025428,1.20683351534961,1399.1595183271,586.604162536472,3337.25446007827,272.416632128739,112.486163421382,659.732888056327,699.579759163549,293.302081268236,1668.62723003914,2015,165.33804,133.26724,377.567648989812,153.206165716055,550.510674678753,0.539706365205948,0.218997424824348,0.786916241454684,0.269853182602974,0.109498712412174,0.393458120727342,0.350322471625658,0.30033575660723,1.07918659296278,0.389400391535702,0.251290112512714,0.603416757674803,1.12455739401054,0.771277490047653,2.77140602942571,1.12455739401054,0.6,750,750,750,1.7,157405.445811799,100717.797913877,245998.968249854,143018.731867588,59055.2357962255,346359.766229572
"44","Micropogonias",29,"IUU_60",0.798516218759377,0.518274631798374,1.23029010586386,1904.33028599114,780.312843270912,4647.46142449951,380.159654809652,154.332202749659,936.43037920881,952.16514299557,390.156421635456,2323.73071224975,2015,220.45072,177.689653333333,499.126020796531,202.953061845515,756.404069197006,0.524201105730725,0.21314901447349,0.79440428455227,0.262100552865362,0.106574507236745,0.397202142276135,0.441673466849501,0.291445708685874,1.0862152952775,0.399258109379689,0.259137315899187,0.615145052931928,1.10623543134969,0.729968163047913,2.72058417790215,1.10623543134969,0.6,750,750,750,1.7,214237.157174003,134001.332452569,342515.69498568,199583.818775067,81024.406443571,491625.949084625
"45","Micropogonias",28,"IUU_40",0.786627861066553,0.512989449653722,1.20623024942098,1637.94612931756,695.669082608272,3856.52832592116,322.113515061829,138.990893551644,746.502982563633,818.973064658781,347.834541304136,1928.26416296058,2015,192.89438,155.478446666667,461.506066820137,177.279206902839,649.481151188746,0.563518004114604,0.21646524721384,0.793043360295796,0.281759002057302,0.10823262360692,0.396521680147898,0.417967159844893,0.296997656740223,1.08808237226444,0.393313930533277,0.256494724826861,0.60311512471049,1.06268079363014,0.755116037556912,2.76644758244174,1.06268079363014,0.6,750,750,750,1.7,184268.939548226,121924.343942082,278492.719209196,169109.59540746,72970.2191146131,391914.065845907
"46","Micropogonias",28,"IUU_40_legal",0.786627861066553,0.512989449653722,1.20623024942098,1637.94612931756,695.669082608272,3856.52832592116,322.113515061829,138.990893551644,746.502982563633,818.973064658781,347.834541304136,1928.26416296058,2015,192.89438,155.478446666667,461.506066820137,177.279206902839,649.481151188746,0.563518004114604,0.21646524721384,0.793043360295796,0.281759002057302,0.10823262360692,0.396521680147898,0.250780295906936,0.296997656740223,1.08808237226444,0.393313930533277,0.256494724826861,0.60311512471049,1.06268079363014,0.755116037556912,2.76644758244174,1.06268079363014,0.6,750,750,750,1.7,184268.939548226,121924.343942082,278492.719209196,169109.59540746,72970.2191146131,391914.065845907
"47","Micropogonias",26,"IUU",0.786627861066553,0.512989449653722,1.20623024942098,1191.78062935169,492.555470120534,2883.61647501416,234.371961831868,95.8668146026741,572.984684226553,595.890314675847,246.277735060267,1441.80823750708,2015,137.7817,111.056033333333,302.508887557819,126.44116688845,466.79570110228,0.507658674939831,0.212188659178378,0.783358429573081,0.253829337469915,0.106094329589189,0.391679214786541,0.455463312540414,0.295164886211774,1.08969019656039,0.393313930533277,0.256494724826861,0.60311512471049,1.15801469813915,0.750456221602864,2.77053547298192,1.15801469813915,0.6,750,750,750,1.7,134075.320802065,84095.4265245099,213759.444372847,123045.279961731,50330.0776664039,300816.95921894
"48","Micropogonias",27,"IUU_20",0.778800783071405,0.502580225025428,1.20683351534961,1399.1595183271,586.604162536472,3337.25446007827,272.416632128739,112.486163421382,659.732888056327,699.579759163549,293.302081268236,1668.62723003914,2015,165.33804,133.26724,377.567648989812,153.206165716055,550.510674678753,0.539706365205948,0.218997424824348,0.786916241454684,0.269853182602974,0.109498712412174,0.393458120727342,0.437903089532073,0.30033575660723,1.07918659296278,0.389400391535702,0.251290112512714,0.603416757674803,1.12455739401054,0.771277490047653,2.77140602942571,1.12455739401054,0.6,750,750,750,1.7,157405.445811799,100717.797913877,245998.968249854,143018.731867588,59055.2357962255,346359.766229572
"49","Micropogonias",29,"IUU_60_legal",0.798516218759377,0.518274631798374,1.23029010586386,1904.33028599114,780.312843270912,4647.46142449951,380.159654809652,154.332202749659,936.43037920881,952.16514299557,390.156421635456,2323.73071224975,2015,220.45072,177.689653333333,499.126020796531,202.953061845515,756.404069197006,0.524201105730725,0.21314901447349,0.79440428455227,0.262100552865362,0.106574507236745,0.397202142276135,0.1766693867398,0.291445708685874,1.0862152952775,0.399258109379689,0.259137315899187,0.615145052931928,1.10623543134969,0.729968163047913,2.72058417790215,1.10623543134969,0.6,750,750,750,1.7,214237.157174003,134001.332452569,342515.69498568,199583.818775067,81024.406443571,491625.949084625
"50","Mugil",32,"IUU_40",0.579117433923373,0.519799301791982,0.645204795615917,4766.90584269249,3691.83231745959,6155.04425962988,690.149569843601,516.866577391874,921.526849653862,2383.45292134624,1845.9161587298,3077.52212981494,2015,317.9036,308.287933333333,928.432124276186,501.823354182428,1403.46417583313,0.389532394771104,0.210544689046757,0.588836541835452,0.194766197385552,0.105272344523378,0.294418270917726,0.342409091292312,0.226513512403183,0.633497021113992,0.225585000889868,0.202478666827379,0.251328169154069,1.51787171106947,1.00411601617861,2.80824087867113,1.18252040513641,0.6,600,1000,750,1.7,688359.831559106,459485.364005553,1099988.33726706,362328.524167891,217083.962504587,645068.794757703
"51","Mugil",31,"IUU_20_legal",0.579117433923373,0.519799301791982,0.645204795615917,4103.53996193814,3165.56480576438,5319.44258053413,594.107883189908,441.512855975229,799.442580417629,2051.76998096907,1582.78240288219,2659.72129026706,2015,272.4888,264.2468,781.943571452139,423.994060176462,1212.01086021838,0.38110683882938,0.206647949872142,0.590714783557726,0.19055341941469,0.103323974936071,0.295357391778863,0.278781037351802,0.224823728024105,0.642671267344154,0.220705614553519,0.198099068731661,0.245891960054738,1.5789190383521,1.01865885233105,2.91189360381366,1.20347368694779,0.6,600,1000,750,1.7,605667.753347138,401174.597055739,975358.340597633,311906.638674702,185435.399509596,559609.80629234
"52","Mugil",33,"IUU_60",0.579117433923373,0.519799301791982,0.645204795615917,5453.72040860439,4231.5863618527,7028.82175898821,789.586142091625,593.48867936773,1050.47711516136,2726.86020430219,2115.79318092635,3514.41087949411,2015,363.3184,352.329066666667,1026.62394173039,564.512481103123,1613.64300860599,0.376485725271385,0.207019223138937,0.591758611629643,0.188242862635693,0.103509611569469,0.295879305814821,0.353896285905452,0.225154137601889,0.643596753237472,0.218029447127945,0.195697017130714,0.242910395426034,1.6231582043951,1.03267765234374,2.95187994885753,1.22219178762378,0.6,600,1000,750,1.7,814829.759515751,545884.469025078,1297363.72128367,414532.724598103,249265.245334447,735333.980612952
"53","Mugil",31,"IUU_20",0.579117433923373,0.519799301791982,0.645204795615917,4103.53996193814,3165.56480576438,5319.44258053413,594.107883189908,441.512855975229,799.442580417629,2051.76998096907,1582.78240288219,2659.72129026706,2015,272.4888,264.2468,781.943571452139,423.994060176462,1212.01086021838,0.38110683882938,0.206647949872142,0.590714783557726,0.19055341941469,0.103323974936071,0.295357391778863,0.348476296689752,0.224823728024105,0.642671267344154,0.220705614553519,0.198099068731661,0.245891960054738,1.5789190383521,1.01865885233105,2.91189360381366,1.20347368694779,0.6,600,1000,750,1.7,605667.753347138,401174.597055739,975358.340597633,311906.638674702,185435.399509596,559609.80629234
"54","Mugil",32,"IUU_40_legal",0.579117433923373,0.519799301791982,0.645204795615917,4766.90584269249,3691.83231745959,6155.04425962988,690.149569843601,516.866577391874,921.526849653862,2383.45292134624,1845.9161587298,3077.52212981494,2015,317.9036,308.287933333333,928.432124276186,501.823354182428,1403.46417583313,0.389532394771104,0.210544689046757,0.588836541835452,0.194766197385552,0.105272344523378,0.294418270917726,0.205445454775387,0.226513512403183,0.633497021113992,0.225585000889868,0.202478666827379,0.251328169154069,1.51787171106947,1.00411601617861,2.80824087867113,1.18252040513641,0.6,600,1000,750,1.7,688359.831559106,459485.364005553,1099988.33726706,362328.524167891,217083.962504587,645068.794757703
"55","Mugil",30,"IUU",0.579117433923373,0.519799301791982,0.645204795615917,3407.71667815083,2637.77958080055,4402.3894350653,493.367034547147,369.108314609663,659.456915879166,1703.85833907541,1318.88979040027,2201.19471753265,2015,227.074,220.205666666667,658.084658138238,353.197792478104,1004.32867626897,0.386232025894443,0.207292932973386,0.589443766090295,0.193116012947221,0.103646466486693,0.294721883045147,0.345052870009774,0.226095306611745,0.64290888798258,0.223673699735016,0.200763137389634,0.249198755327546,1.54266179000283,1.01082651594532,2.87431597342123,1.19165077684548,0.6,600,1000,750,1.7,496292.514071246,330934.739781417,793892.708266995,259017.693137252,155025.492136058,461619.841115416
"56","Mugil",33,"IUU_60_legal",0.579117433923373,0.519799301791982,0.645204795615917,5453.72040860439,4231.5863618527,7028.82175898821,789.586142091625,593.48867936773,1050.47711516136,2726.86020430219,2115.79318092635,3514.41087949411,2015,363.3184,352.329066666667,1026.62394173039,564.512481103123,1613.64300860599,0.376485725271385,0.207019223138937,0.591758611629643,0.188242862635693,0.103509611569469,0.295879305814821,0.141558514362181,0.225154137601889,0.643596753237472,0.218029447127945,0.195697017130714,0.242910395426034,1.6231582043951,1.03267765234374,2.95187994885753,1.22219178762378,0.6,600,1000,750,1.7,814829.759515751,545884.469025078,1297363.72128367,414532.724598103,249265.245334447,735333.980612952
"57","Octopus",34,"IUU",0.658691491848036,0.548605870313986,0.790867369291308,3963.83213066045,3004.22246148542,5229.96061759269,652.735624894977,542.56610064171,785.275371061918,1981.91606533022,1502.11123074271,2614.98030879635,2015,485.18524,575.75016,1089.34634040827,118.51219615331,1563.9899342903,0.549643024477306,0.0597967785954465,0.789130257153301,0.274821512238653,0.0298983892977233,0.394565128576651,0.445391168999716,0.310222738242983,4.09396885509027,0.329345745924018,0.274302935156993,0.395433684645654,1.35235136482519,0.941936375624398,12.430611009121,1.35235136482519,0.15,5000,6000,5500,1.7,3270161.50779487,2966972.08324355,3574545.42391369,2513032.15584566,1898981.35224599,3298156.55846006
"58","Octopus",35,"IUU_20_legal",0.652137401996139,0.53801168485224,0.790472034448609,4805.71031455128,3617.70440023558,6383.84153936972,783.49585981938,654.747082516414,937.561661206363,2402.85515727564,1808.85220011779,3191.92076968486,2015,582.222288,690.900192,1400.5617976327,183.61225487104,1903.37218517337,0.5828740002875,0.076414200129824,0.792129387994995,0.29143700014375,0.038207100064912,0.396064693997497,0.332564997265583,0.305889879307535,3.17093370706069,0.32606870099807,0.26900584242612,0.395236017224305,1.27490386323353,0.93811481559325,9.72474112772774,1.27490386323353,0.15,5000,6000,5500,1.7,3964711.0095048,3650926.74165377,4269881.58119633,3016459.06030461,2291614.78880745,3937758.97706672
"59","Octopus",36,"IUU_40",0.665311451398028,0.55940866976825,0.791262901850854,5444.06861225892,4177.64462523722,7094.40024552109,905.500297483109,756.979063019083,1083.16177923316,2722.03430612946,2088.82231261861,3547.20012276054,2015,679.259336,806.050224,1550.76676530758,203.551309057059,2157.78321506528,0.569708751214331,0.0747791122979985,0.79270977966971,0.284854375607165,0.0373895561489992,0.396354889834855,0.438015149148024,0.314794985546985,3.33704233663067,0.332655725699014,0.279704334884125,0.395631450925427,1.31672211030673,0.946308634506445,10.0315193121011,1.31672211030673,0.15,5000,6000,5500,1.7,4491356.60511362,4059531.63006581,4928049.06702725,3486176.14530997,2649426.72056679,4549279.47277927
"60","Octopus",36,"IUU_40_legal",0.665311451398028,0.55940866976825,0.791262901850854,5444.06861225892,4177.64462523722,7094.40024552109,905.500297483109,756.979063019083,1083.16177923316,2722.03430612946,2088.82231261861,3547.20012276054,2015,679.259336,806.050224,1550.76676530758,203.551309057059,2157.78321506528,0.569708751214331,0.0747791122979985,0.79270977966971,0.284854375607165,0.0373895561489992,0.396354889834855,0.262809089488814,0.314794985546985,3.33704233663067,0.332655725699014,0.279704334884125,0.395631450925427,1.31672211030673,0.946308634506445,10.0315193121011,1.31672211030673,0.15,5000,6000,5500,1.7,4491356.60511362,4059531.63006581,4928049.06702725,3486176.14530997,2649426.72056679,4549279.47277927
"61","Octopus",35,"IUU_20",0.652137401996139,0.53801168485224,0.790472034448609,4805.71031455128,3617.70440023558,6383.84153936972,783.49585981938,654.747082516414,937.561661206363,2402.85515727564,1808.85220011779,3191.92076968486,2015,582.222288,690.900192,1400.5617976327,183.61225487104,1903.37218517337,0.5828740002875,0.076414200129824,0.792129387994995,0.29143700014375,0.038207100064912,0.396064693997497,0.415706246581979,0.305889879307535,3.17093370706069,0.32606870099807,0.26900584242612,0.395236017224305,1.27490386323353,0.93811481559325,9.72474112772774,1.27490386323353,0.15,5000,6000,5500,1.7,3964711.0095048,3650926.74165377,4269881.58119633,3016459.06030461,2291614.78880745,3937758.97706672
"62","Octopus",37,"IUU_60_legal",0.663650250136319,0.556688189062674,0.791164000169606,6217.4415511042,4742.01259177765,8151.93521595135,1031.55166014956,856.052393869587,1243.03002383686,3108.7207755521,2371.00629588883,4075.96760797567,2015,776.296384,921.200256,1695.62996278553,227.603087416571,2454.25220305045,0.545442992539076,0.0732143874761958,0.789473349408352,0.272721496269538,0.0366071937380979,0.394736674704176,0.18312872526143,0.316306687240669,3.41074628121885,0.33182512506816,0.278344094531337,0.395582000084803,1.37970810094484,0.953233083768737,10.2787463140962,1.37970810094484,0.15,5000,6000,5500,1.7,5129389.27966095,4613277.6517729,5656106.80573609,3971473.89157581,2996183.37854355,5220726.10011481
"63","Octopus",37,"IUU_60",0.663650250136319,0.556688189062674,0.791164000169606,6217.4415511042,4742.01259177765,8151.93521595135,1031.55166014956,856.052393869587,1243.03002383686,3108.7207755521,2371.00629588883,4075.96760797567,2015,776.296384,921.200256,1695.62996278553,227.603087416571,2454.25220305045,0.545442992539076,0.0732143874761958,0.789473349408352,0.272721496269538,0.0366071937380979,0.394736674704176,0.457821813153574,0.316306687240669,3.41074628121885,0.33182512506816,0.278344094531337,0.395582000084803,1.37970810094484,0.953233083768737,10.2787463140962,1.37970810094484,0.15,5000,6000,5500,1.7,5129389.27966095,4613277.6517729,5656106.80573609,3971473.89157581,2996183.37854355,5220726.10011481
"64","Panulirus",39,"IUU_20_legal",0.282239296140523,0.163449696933239,0.487361076713619,347.245000521471,157.821718403661,764.020893998574,24.5015461338739,15.2381126332677,39.39633322041,173.622500260735,78.9108592018304,382.010446999287,2015,17.304,19.93144,136.666415747188,105.425618459387,182.107325547982,0.787146916683905,0.60721172832476,1.04886938774931,0.393573458341953,0.30360586416238,0.524434693874657,0.101291893288602,0.0950208891813123,0.164134678580671,0.141119648070262,0.0817248484666194,0.24368053835681,0.897216428343935,0.673335644473848,1.16308877484552,0.897216428343935,0.06,10000,10000,10000,1.7,520867.500782205,559368.891561484,485016.162793318,171510.822937117,106666.788432874,275774.33254287
"65","Panulirus",40,"IUU_40",0.282239296140523,0.163449696933239,0.487361076713619,399.532718633768,181.752012628758,878.264790304896,28.1909583230761,17.564019392947,45.2476231888326,199.766359316884,90.8760063143792,439.132395152448,2015,20.188,23.2533466666667,156.604264663641,121.662169278443,210.098654274382,0.783937121340958,0.609022308332974,1.05172189648362,0.391968560670479,0.304511154166487,0.525860948241812,0.128910921061826,0.0960881928050577,0.165934900879472,0.141119648070262,0.0817248484666194,0.24368053835681,0.913486696038549,0.680898755906879,1.17584548394604,0.913486696038549,0.06,10000,10000,10000,1.7,599299.07795065,644749.536615698,557052.567602817,197336.708261533,122948.135750629,316733.362321828
"66","Panulirus",40,"IUU_40_legal",0.282239296140523,0.163449696933239,0.487361076713619,399.532718633768,181.752012628758,878.264790304896,28.1909583230761,17.564019392947,45.2476231888326,199.766359316884,90.8760063143792,439.132395152448,2015,20.188,23.2533466666667,156.604264663641,121.662169278443,210.098654274382,0.783937121340958,0.609022308332974,1.05172189648362,0.391968560670479,0.304511154166487,0.525860948241812,0.0773465526370956,0.0960881928050577,0.165934900879472,0.141119648070262,0.0817248484666194,0.24368053835681,0.913486696038549,0.680898755906879,1.17584548394604,0.913486696038549,0.06,10000,10000,10000,1.7,599299.07795065,644749.536615698,557052.567602817,197336.708261533,122948.135750629,316733.362321828
"67","Panulirus",38,"IUU",0.282239296140523,0.163449696933239,0.487361076713619,288.768978348606,132.694496995334,628.417340166186,20.3754882990821,12.9478622310004,32.0640207641408,144.384489174303,66.3472484976668,314.208670083093,2015,14.42,16.6095333333333,113.643697044665,87.8083026824373,151.857467730593,0.78709075811788,0.608156064301574,1.05175748862656,0.39354537905894,0.304078032150787,0.525878744313278,0.126887811422859,0.0949574638343253,0.164221372688988,0.141119648070262,0.0817248484666194,0.24368053835681,0.899150565906199,0.672886200701459,1.1637031053764,0.899150565906199,0.06,10000,10000,10000,1.7,433153.467522907,475297.139386767,394746.592982214,142628.418093575,90635.0356170028,224448.145348986
"68","Panulirus",41,"IUU_60_legal",0.282239296140523,0.163449696933239,0.487361076713619,460.213457484048,211.024496901716,1003.65800918395,32.4725805786737,20.5487953416095,51.3153434013355,230.106728742024,105.512248450858,501.829004591977,2015,23.072,26.5752533333333,182.001317393316,140.03064765489,239.655843610458,0.790943047986052,0.608546514134668,1.04149863378893,0.395471523993026,0.304273257067334,0.520749316894464,0.0507073252665308,0.0962713850512312,0.164763931227838,0.141119648070262,0.0817248484666194,0.24368053835681,0.898303779096804,0.682196890140336,1.16754777581223,0.898303779096804,0.06,10000,10000,10000,1.7,690320.186226073,754316.308705155,631753.488571954,227308.064050716,143841.567391267,359207.403809348
"69","Panulirus",41,"IUU_60",0.282239296140523,0.163449696933239,0.487361076713619,460.213457484048,211.024496901716,1003.65800918395,32.4725805786737,20.5487953416095,51.3153434013355,230.106728742024,105.512248450858,501.829004591977,2015,23.072,26.5752533333333,182.001317393316,140.03064765489,239.655843610458,0.790943047986052,0.608546514134668,1.04149863378893,0.395471523993026,0.304273257067334,0.520749316894464,0.126768313166327,0.0962713850512312,0.164763931227838,0.141119648070262,0.0817248484666194,0.24368053835681,0.898303779096804,0.682196890140336,1.16754777581223,0.898303779096804,0.06,10000,10000,10000,1.7,690320.186226073,754316.308705155,631753.488571954,227308.064050716,143841.567391267,359207.403809348
"70","Panulirus",39,"IUU_20",0.282239296140523,0.163449696933239,0.487361076713619,347.245000521471,157.821718403661,764.020893998574,24.5015461338739,15.2381126332677,39.39633322041,173.622500260735,78.9108592018304,382.010446999287,2015,17.304,19.93144,136.666415747188,105.425618459387,182.107325547982,0.787146916683905,0.60721172832476,1.04886938774931,0.393573458341953,0.30360586416238,0.524434693874657,0.126614866610753,0.0950208891813123,0.164134678580671,0.141119648070262,0.0817248484666194,0.24368053835681,0.897216428343935,0.673335644473848,1.16308877484552,0.897216428343935,0.06,10000,10000,10000,1.7,520867.500782205,559368.891561484,485016.162793318,171510.822937117,106666.788432874,275774.33254287
"71","Scomberomorus",43,"IUU_20_legal",0.847893704087916,0.549772897315438,1.30767401765794,20635.1784013122,11759.2795440316,36210.6016835105,4374.10946230088,3265.64688452071,5858.81886951111,10317.5892006561,5879.6397720158,18105.3008417552,2015,2798.3184,2296.1728,8935.00015854991,6392.05784149166,10265.2094056261,0.865996889853081,0.619530174847937,0.994923252514579,0.43299844492654,0.309765087423969,0.49746162625729,0.250548928962002,0.272602173947501,0.437780519105406,0.423946852043958,0.274886448657719,0.653837008828972,0.738739206795736,0.643010256198897,1.03263066347763,0.738739206795736,0.6,1000,1250,1125,1.7,3482186.35522143,3563995.49755943,3360251.93801987,3444611.20156194,2285952.8191645,5126466.51082222
"72","Scomberomorus",44,"IUU_40_legal",0.835270211411272,0.534191975471484,1.30604044633065,24323.870753663,14047.106033134,42119.0448086125,5079.25116668812,3856.27581869187,6690.07965904631,12161.9353768315,7023.55301656699,21059.5224043062,2015,3264.7048,2678.86826666667,10423.3875530147,7465.85570306934,12122.0885059671,0.857050068928276,0.613870693417087,0.996723640635329,0.428525034464138,0.306935346708543,0.498361820317665,0.187925745832358,0.269318673790655,0.437284744019071,0.417635105705636,0.267095987735742,0.653020223165327,0.749959886293718,0.644865984950223,1.04704977633582,0.749959886293718,0.6,1000,1250,1125,1.7,4104653.18968062,4331337.04259216,3841810.38066751,3999910.29376689,2699393.07308431,5853819.70166552
"73","Scomberomorus",42,"IUU",0.847893704087916,0.538886664568603,1.3340907851328,17222.2705540307,9774.3778907679,30345.3177635361,3650.66369321534,2703.80156632539,4929.11372156398,8611.13527701536,4887.18894538395,15172.658881768,2015,2331.932,1913.47733333333,7424.51952191892,5327.4615756927,8568.7780881099,0.862199847415738,0.618671220961147,0.995081114447415,0.431099923707869,0.309335610480574,0.497540557223708,0.314085240548643,0.272142886187683,0.437719158902951,0.423946852043958,0.269443332284302,0.667045392566402,0.740859942783763,0.64192689455202,1.03248592787656,0.740859942783763,0.6,1000,1250,1125,1.7,2906258.15599269,3010430.6646629,2771052.26448662,2874897.65840708,1892661.09642777,4312974.50636848
"74","Scomberomorus",45,"IUU_60",0.860707976425058,0.566657621382225,1.30734714001494,27170.6192537211,15480.5385090443,47688.4282933289,5846.49217902149,4404.02473887249,7761.41661913337,13585.3096268605,7740.26925452217,23844.2141466645,2015,3731.0912,3061.56373333333,11603.605318326,8418.55460387467,13483.1937442092,0.854128881640184,0.619680731253244,0.992483359933924,0.427064440820092,0.309840365626622,0.496241679966962,0.321545855589154,0.276721618837705,0.443198550768175,0.430353988212529,0.283328810691112,0.653673570007468,0.747165971261686,0.6430093049377,1.02984650522003,0.747165971261686,0.6,1000,1250,1125,1.7,4585041.99906543,4663159.45222437,4452575.97326715,4604112.59097942,3082817.31721074,6791239.5417417
"75","Scomberomorus",45,"IUU_60_legal",0.860707976425058,0.566657621382225,1.30734714001494,27170.6192537211,15480.5385090443,47688.4282933289,5846.49217902149,4404.02473887249,7761.41661913337,13585.3096268605,7740.26925452217,23844.2141466645,2015,3731.0912,3061.56373333333,11603.605318326,8418.55460387467,13483.1937442092,0.854128881640184,0.619680731253244,0.992483359933924,0.427064440820092,0.309840365626622,0.496241679966962,0.128618342235662,0.276721618837705,0.443198550768175,0.430353988212529,0.283328810691112,0.653673570007468,0.747165971261686,0.6430093049377,1.02984650522003,0.747165971261686,0.6,1000,1250,1125,1.7,4585041.99906543,4663159.45222437,4452575.97326715,4604112.59097942,3082817.31721074,6791239.5417417
"76","Scomberomorus",43,"IUU_20",0.847893704087916,0.549772897315438,1.30767401765794,20635.1784013122,11759.2795440316,36210.6016835105,4374.10946230088,3265.64688452071,5858.81886951111,10317.5892006561,5879.6397720158,18105.3008417552,2015,2798.3184,2296.1728,8935.00015854991,6392.05784149166,10265.2094056261,0.865996889853081,0.619530174847937,0.994923252514579,0.43299844492654,0.309765087423969,0.49746162625729,0.313186161202503,0.272602173947501,0.437780519105406,0.423946852043958,0.274886448657719,0.653837008828972,0.738739206795736,0.643010256198897,1.03263066347763,0.738739206795736,0.6,1000,1250,1125,1.7,3482186.35522143,3563995.49755943,3360251.93801987,3444611.20156194,2285952.8191645,5126466.51082222
"77","Scomberomorus",44,"IUU_40",0.835270211411272,0.534191975471484,1.30604044633065,24323.870753663,14047.106033134,42119.0448086125,5079.25116668812,3856.27581869187,6690.07965904631,12161.9353768315,7023.55301656699,21059.5224043062,2015,3264.7048,2678.86826666667,10423.3875530147,7465.85570306934,12122.0885059671,0.857050068928276,0.613870693417087,0.996723640635329,0.428525034464138,0.306935346708543,0.498361820317665,0.313209576387264,0.269318673790655,0.437284744019071,0.417635105705636,0.267095987735742,0.653020223165327,0.749959886293718,0.644865984950223,1.04704977633582,0.749959886293718,0.6,1000,1250,1125,1.7,4104653.18968062,4331337.04259216,3841810.38066751,3999910.29376689,2699393.07308431,5853819.70166552
"78","Squatina",48,"IUU_40",0.0956078833982329,0.0738015902134598,0.123857322605807,9017.17769254819,4244.83010267577,19154.9465048635,215.528318352573,81.7581339758907,568.169229811268,4508.5888462741,2122.41505133789,9577.47325243175,2015,19.70794,35.0982426666667,2179.57678888234,937.035517360883,3547.69900055491,0.483427711684898,0.207833437314926,0.786875699141813,0.241713855842449,0.103916718657463,0.393437849570907,0.00904209482342028,0.00555513305861557,0.0210322230426297,0.0462195002902443,0.0356777338755994,0.0598760620427437,0.19563376424753,0.120190244890815,0.455050853223289,0.189149565956972,0.6,1250,1250,1250,1.7,1748680.07820661,859339.899441523,3558408.05006725,188587.278558501,71538.3672289044,497148.076084859
"79","Squatina",47,"IUU_20",0.0956078833982329,0.0738015902134598,0.123857322605807,7770.59523010823,3631.38531495281,16627.8554857695,185.732540673763,69.4541527764452,496.681267946159,3885.29761505411,1815.6926574764,8313.92774288473,2015,16.89252,30.084208,1884.03852926438,805.246090921199,3059.6934087089,0.484914854904401,0.207254674082408,0.787505543167066,0.242457427452201,0.103627337041204,0.393752771583533,0.00896612236831252,0.00552098453783582,0.020978083831087,0.046361682905771,0.0357874874100739,0.0600602556202428,0.193395101436157,0.119085076118938,0.452487539628888,0.187560315104272,0.6,1250,1250,1250,1.7,1502311.78825459,727776.918025136,3101143.56917645,162515.973089543,60772.3836793896,434596.109452889
"80","Squatina",48,"IUU_40_legal",0.0956078833982329,0.0738015902134598,0.123857322605807,9017.17769254819,4244.83010267577,19154.9465048635,215.528318352573,81.7581339758907,568.169229811268,4508.5888462741,2122.41505133789,9577.47325243175,2015,19.70794,35.0982426666667,2179.57678888234,937.035517360883,3547.69900055491,0.483427711684898,0.207833437314926,0.786875699141813,0.241713855842449,0.103916718657463,0.393437849570907,0.00542525689405217,0.00555513305861557,0.0210322230426297,0.0462195002902443,0.0356777338755994,0.0598760620427437,0.19563376424753,0.120190244890815,0.455050853223289,0.189149565956972,0.6,1250,1250,1250,1.7,1748680.07820661,859339.899441523,3558408.05006725,188587.278558501,71538.3672289044,497148.076084859
"81","Squatina",47,"IUU_20_legal",0.0956078833982329,0.0738015902134598,0.123857322605807,7770.59523010823,3631.38531495281,16627.8554857695,185.732540673763,69.4541527764452,496.681267946159,3885.29761505411,1815.6926574764,8313.92774288473,2015,16.89252,30.084208,1884.03852926438,805.246090921199,3059.6934087089,0.484914854904401,0.207254674082408,0.787505543167066,0.242457427452201,0.103627337041204,0.393752771583533,0.00717289789465002,0.00552098453783582,0.020978083831087,0.046361682905771,0.0357874874100739,0.0600602556202428,0.193395101436157,0.119085076118938,0.452487539628888,0.187560315104272,0.6,1250,1250,1250,1.7,1502311.78825459,727776.918025136,3101143.56917645,162515.973089543,60772.3836793896,434596.109452889
"82","Squatina",49,"IUU_60",0.0956078833982329,0.0738015902134598,0.123857322605807,10175.2685332277,4770.47735166656,21703.5072364664,243.208971867636,91.5228888714123,646.293017258424,5087.63426661386,2385.23867583328,10851.7536182332,2015,22.52336,40.1122773333333,2430.7688279818,1055.58693610695,4003.61887977308,0.477779789308563,0.207480899921195,0.786931345683727,0.238889894654282,0.103740449960597,0.393465672841864,0.00926594077590692,0.00562575027153348,0.0213372856650416,0.0456795143862454,0.0352609082228237,0.0591765254989255,0.202846744331787,0.12315696318408,0.467108417235418,0.193832149537539,0.6,1250,1250,1250,1.7,1996592.25094183,973346.548815332,4095540.91641135,212807.850384181,80082.5277624858,565506.390101121
"83","Squatina",46,"IUU",0.0956078833982329,0.0738015902134598,0.123857322605807,6407.6819259928,2969.57551052069,13826.3490923979,153.156226608321,56.3430852506054,416.321357706397,3203.8409629964,1484.78775526035,6913.17454619895,2015,14.0771,25.0701733333333,1543.04383219218,663.075154789835,2521.32820804575,0.48162310489627,0.20696256850705,0.786970463629902,0.240811552448135,0.103481284253525,0.393485231814951,0.00912294239885645,0.00558320807068232,0.0212300218132314,0.0460469656548175,0.0355445510248887,0.059652548277548,0.198122553117721,0.121250292853948,0.461051483226459,0.190840798365066,0.6,1250,1250,1250,1.7,1247282.72886992,594427.453990979,2617164.12203399,134011.698282281,49300.1995942797,364281.187993097
"84","Squatina",49,"IUU_60_legal",0.0956078833982329,0.0738015902134598,0.123857322605807,10175.2685332277,4770.47735166656,21703.5072364664,243.208971867636,91.5228888714123,646.293017258424,5087.63426661386,2385.23867583328,10851.7536182332,2015,22.52336,40.1122773333333,2430.7688279818,1055.58693610695,4003.61887977308,0.477779789308563,0.207480899921195,0.786931345683727,0.238889894654282,0.103740449960597,0.393465672841864,0.00370637631036277,0.00562575027153348,0.0213372856650416,0.0456795143862454,0.0352609082228237,0.0591765254989255,0.202846744331787,0.12315696318408,0.467108417235418,0.193832149537539,0.6,1250,1250,1250,1.7,1996592.25094183,973346.548815332,4095540.91641135,212807.850384181,80082.5277624858,565506.390101121
