"","Adjusted","Implementation_year","Reserve_size","C_change","B_change","PV_change","C_per","B_per","PV_per","Transition_period","Payoff_period","B_per_50","Loss"
"1","IUU",2015,0.05,1662.28986499656,70889.3119387889,2516011.55286171,0.620641646325238,10.0508623233324,4.51771240474668,12,57,13.4778902664524,2135.82283154473
"2","IUU",2015,0.1,9592.49929956155,132721.197606204,7570708.0555535,3.58150806488005,18.8175403039543,13.5938492239386,10,26,22.2775462315074,3555.41668891274
"3","IUU",2015,0.15,15921.7003955615,190343.442026204,11632637.577155,5.94461324338215,26.9873649162585,20.8873886220681,10,25,30.5729571396502,5020.96230091274
"4","IUU",2015,0.2,21188.3927195615,250043.254006204,15133634.7845942,7.91101432870827,35.451752205811,27.1737264153274,10,26,39.4017032322443,6670.92016091275
"5","IUU",2015,0.25,24858.7380575616,314289.238006204,17977891.7707425,9.28139456209988,44.560707030603,32.2808313703879,10,27,49.5116380486427,8595.71686091274
"6","IUU",2015,0.3,28581.0130855616,539637.974526205,23582657.7697185,10.6711635489053,76.5112093496994,42.3446646824713,11,36,87.6691690623761,16025.9350004524
"7","IUU",2015,0.35,28115.8958825616,545148.628326204,23510015.9573525,10.4975048431147,77.292523501869,42.214230139571,11,36,88.7310273571079,16244.7557254524
"8","IUU",2015,0.4,28042.8514625615,542836.659526205,23420120.7908235,10.4702325784885,76.9647268359245,42.0528157341034,11,36,88.4581015961614,16172.7431754524
"9","IUU",2015,0.45,20559.5794145616,758023.205826204,23633533.4621025,7.67623714991148,107.474408641867,42.4360163085486,13,54,129.591491604425,24411.4254591815
"10","IUU",2015,0.5,-951.76021843846,995304.065726204,17798786.2520731,-0.355354406783762,141.116676983759,31.9592322018423,15,68,181.935842341091,36146.5738596803
"11","IUU",2015,0.55,-6947.94363443844,1050465.3601262,15900080.2834645,-2.5941222807502,148.937582003545,28.5499443956742,16,69,194.667835295017,39179.5064923305
"12","IUU",2015,0.6,-14086.6427284385,1105443.4603262,13684230.3168495,-5.25946606441684,156.732513295665,24.5711976089799,17,72,207.796162752886,42496.4452395172
"13","IUU",2015,0.65,-38054.4279964385,1278812.6946262,5773117.70520551,-14.2082096143464,181.313232975318,10.3661230971713,21,76,250.661523112749,54827.6374515535
"14","IUU",2015,0.7,-87812.1692984384,1536000.5109262,-9906793.3548255,-32.7860323692017,217.777958928673,-17.7884887608928,34,87,320.078265419684,90051.6125601321
"15","IUU",2015,0.75,-77704.0999534384,1487787.8757262,-6778521.39769749,-29.0120282490097,210.942252030309,-12.1714108066744,34,86,306.726970651243,82497.6271591321
"16","IUU",2015,0.8,-92547.3458674384,1549694.3695262,-11064143.8846955,-34.5539838217788,219.719508136861,-19.8666099203473,36,89,324.305456778169,94117.16584016
"17","IUU",2015,0.85,-126258.210765438,1687271.9412262,-20896923.2028541,-47.1404569333054,239.225597194815,-37.5222001930774,40,96,363.998206307557,122854.410496063
"18","IUU",2015,0.9,-174028.560034438,1835131.5181262,-33221540.1610535,-64.9762561162025,260.18949443071,-59.6520965572174,50,NA,410.224694777516,174028.560034438
"19","IUU",2020,0.05,2339.38417456154,64955.8660462045,1605552.5790085,0.873445285362478,9.20960366052009,2.88290600033601,7,27,12.0637731491192,1468.0082581758
"20","IUU",2020,0.1,10070.6776615615,120678.290116204,4843379.5209116,3.76004335651488,17.1100670354998,8.69669923320938,6,18,20.491058683396,2502.14585345244
"21","IUU",2020,0.15,17480.7905605615,176127.157586204,7818739.3632085,6.52672368461803,24.9717448778083,14.0392104998373,6,17,28.7833411566493,3568.41750345244
"22","IUU",2020,0.2,23113.1765625615,232557.477366204,10098071.5136175,8.6296621640196,32.9725754608465,18.1319449384883,6,17,37.656253166742,4767.70588345244
"23","IUU",2020,0.25,33251.5573005615,449294.619226205,14881875.4853955,12.4149835118805,63.7021045479451,26.721671214028,7,22,74.8344253271722,9642.21332817581
"24","IUU",2020,0.3,32314.2584165615,453257.694826204,14673275.4222765,12.0650284681098,64.2639992277376,26.3471120862245,7,22,75.7177651338346,9800.74706817581
"25","IUU",2020,0.35,33179.1709315616,447396.105026204,14874808.2712675,12.387956940779,63.4329284998044,26.7089814309081,7,22,74.3511704232867,9589.29051817581
"26","IUU",2020,0.4,33299.9519245615,449128.737326204,14908847.1199585,12.4330523936954,63.6785854010774,26.7701010743373,7,22,74.5153946166356,9635.35328817581
"27","IUU",2020,0.45,16659.6550445615,829099.052426204,11919424.2746436,6.22014003200856,117.551718311733,21.4023384915498,10,48,154.291038309636,21211.3587386803
"28","IUU",2020,0.5,10920.1550365615,878940.779926204,10515786.2097205,4.07720888079433,124.618401953579,18.8819871479857,10,52,166.551879418861,23429.4741946803
"29","IUU",2020,0.55,9022.02951756155,913580.240726204,9951736.37213551,3.3685143433067,129.529670548708,17.8691877650676,11,54,174.273067950404,24590.4712703305
"30","IUU",2020,0.6,4331.49648456153,960879.115326204,8493955.8372635,1.61723124578866,136.235822204738,15.2516190188913,11,56,185.793724465165,26919.9351273305
"31","IUU",2020,0.65,-40559.8568814385,1260689.2558262,-3548037.45588049,-15.1436502620222,178.743646909066,-6.37080255402872,24,70,266.262977235182,47560.3916874635
"32","IUU",2020,0.7,-53692.4025274384,1320419.2862262,-6693467.37228049,-20.046889415316,187.212318641093,-12.0186890811867,26,75,283.726652746815,55946.6750368784
"33","IUU",2020,0.75,-59557.9636884385,1358294.8264262,-8472763.5338565,-22.2368874488972,192.582406593149,-15.2135664384577,26,76,294.418121092838,60580.6570548784
"34","IUU",2020,0.8,-73309.0307494384,1416690.7757262,-11687801.6077705,-27.3710611445814,200.861929000721,-20.9864403236089,28,80,312.301339622218,70446.1387943489
"35","IUU",2020,0.85,-122265.496148438,1596568.5704262,-22646334.5394415,-45.6497151406838,226.365448503287,-40.6634168092396,36,94,369.657194338718,112539.876449989
"36","IUU",2020,0.9,-138449.566413438,1642521.4710262,-25868878.8050275,-51.6922882351986,232.880764630028,-46.4497686989693,40,100,385.910221243331,130818.790690342
"37","IUU",2025,0.05,3184.04885256157,59452.5138562045,1321513.4780035,1.18881391473675,8.42932474871091,2.37288967366856,5,15,11.7895730135737,937.419708680318
"38","IUU",2025,0.1,11567.8822735616,110388.991096204,3806490.10803491,4.31904786881115,15.6512247216836,6.83487623896456,4,11,19.9561126416306,1713.1213992134
"39","IUU",2025,0.15,19320.6515955615,162269.381796204,6019846.5920985,7.21366427531604,23.0069550842049,10.8091457659893,4,11,28.287200265721,2488.3156392134
"40","IUU",2025,0.2,25373.5248445615,211725.527086204,7759435.38380297,9.4735981757523,30.0189699247739,13.9327251686764,4,11,36.5016589986705,3256.5033192134
"41","IUU",2025,0.25,37434.8527865615,409818.761806205,11648376.0155135,13.9768816213305,58.1051196545592,20.9156483246607,4,14,72.9004223810553,6573.2565392134
"42","IUU",2025,0.3,35881.8158185615,361742.292236204,11030340.2271543,13.3970312348725,51.28871865666,19.8059125826003,4,13,63.6560753742511,5741.0261992134
"43","IUU",2025,0.35,37551.8580075615,463079.891016204,11978692.3034251,14.0205673313377,65.6566145447503,21.5087592703123,5,14,83.8926295358062,7008.53281868032
"44","IUU",2025,0.4,38021.3635105615,410764.638166204,11780498.0172715,14.1958644768456,58.2392283489342,21.1528845987164,4,13,72.8732670382068,6582.40795921341
"45","IUU",2025,0.45,23305.4700435615,751239.099446204,10419016.0550395,8.70145791104216,106.512541227057,18.708228117462,6,28,150.647996738646,12840.2590903305
"46","IUU",2025,0.5,23182.8820505615,753375.632736205,10383715.5794095,8.65568778671105,106.815464211633,18.6448431157256,6,28,151.029932997803,12898.0895903305
"47","IUU",2025,0.55,9408.26655156154,878613.318016204,8035259.27628951,3.51272191726916,124.571973592469,14.4279903908073,7,46,184.285218099914,16177.2294435172
"48","IUU",2025,0.6,10906.0321685615,870347.505616204,8304068.27364951,4.07193588946416,123.400026226205,14.9106597730284,7,44,181.865558256018,15892.0036305172
"49","IUU",2025,0.65,-30117.4823934385,1133942.5765162,643938.505179502,-11.2448281430589,160.773188615094,1.15624626978943,30,65,258.951430585374,32407.4382680629
"50","IUU",2025,0.7,-37652.7859514384,1167890.3109062,-677144.273950495,-14.0582503411226,165.586382525589,-1.21587004747648,32,68,270.235327008461,39071.1203756307
"51","IUU",2025,0.75,-57824.9717654384,1262525.1283762,-4303070.18276049,-21.5898480950471,179.003941468832,-7.72652793308582,34,76,301.034637530656,57288.8508117922
"52","IUU",2025,0.8,-61782.3739354385,1280763.2031762,-5037899.9125905,-23.0674054390937,181.589780911254,-9.04597711528602,34,78,307.039273718505,60786.6112717921
"53","IUU",2025,0.85,-103475.612140438,1438213.9167762,-12178756.5488805,-38.6342211582252,203.913533277062,-21.8679916126329,40,94,362.823975067584,103475.612140438
"54","IUU",2025,0.9,-108174.769702438,1454622.7297762,-13018993.6470754,-40.3887243571167,206.240015448234,-23.3767086760048,42,96,368.966928723506,110059.050575164
"55","IUU",2030,0.05,3412.15415956156,53153.2352662045,1030086.57424851,1.27398056121227,7.53619741945887,1.84960791978576,5,12,11.4155127655086,685.011245583999
"56","IUU",2030,0.1,12139.7509405615,99741.7273362045,2919617.7583015,4.53256388574807,14.1416292799283,5.24242162115476,4,9,19.2214290134217,1293.12887825054
"57","IUU",2030,0.15,19309.6909525616,146511.183636204,4478979.69587651,7.20957194962753,20.7727186973895,8.04238840225309,4,9,27.4291166074738,1875.21288825053
"58","IUU",2030,0.2,25154.2820215615,192935.953796204,5769683.12823696,9.39174047483201,27.3549376597263,10.3599560225574,4,9,35.8848586908823,2483.16194825053
"59","IUU",2030,0.25,36556.6944695616,371385.974266204,8779434.36641951,13.6490076234955,52.6560237936773,15.7642199610411,4,11,71.8521457440019,5055.60719225054
"60","IUU",2030,0.3,35676.9570625615,326750.930396204,8351138.21827161,13.3205440479713,46.3275566600049,14.9951778558122,4,10,62.042458970836,4376.17287825054
"61","IUU",2030,0.35,37273.7768715615,412503.463326204,9149294.7188495,13.9167414356902,58.4857632892451,16.428335632647,4,11,81.0141221110093,5684.35293525054
"62","IUU",2030,0.4,36746.2376235615,365568.160526205,8768183.3188955,13.7197764933691,51.831159744016,15.7440177497644,4,11,70.4696416089228,4963.18828425054
"63","IUU",2030,0.45,22921.0476665616,675715.188436204,8510566.22236951,8.55792786735388,95.8045739620266,15.2814443759154,5,20,149.468493161465,9864.061462584
"64","IUU",2030,0.5,23355.8601445616,674445.471826204,8564025.8888095,8.72027183507653,95.6245503944713,15.3774357468433,5,20,148.982610034851,9832.317008584
"65","IUU",2030,0.55,16176.6280575615,739856.252536205,7844049.05256951,6.03979443119373,104.898652983386,14.0846561964028,6,27,168.237479054914,10708.3201165535
"66","IUU",2030,0.6,6116.34906656155,814468.534786204,6727094.6998395,2.28363357926052,115.477367263642,12.0790698034768,6,44,191.624468835487,12664.3761435535
"67","IUU",2030,0.65,-28694.7947184385,1005120.5406762,2520214.9262275,-10.7136456823992,142.508481129187,4.52525991857857,35,67,257.432341821135,28694.7947184385
"68","IUU",2030,0.7,-41496.8117064385,1063397.5123962,921519.219579503,-15.4934768460407,150.771134600618,1.65466601485658,35,73,279.05059592572,41496.8117064385
"69","IUU",2030,0.75,-38885.6877624385,1050326.4704362,1251397.7957895,-14.518573312374,148.917889879103,2.24699101197713,35,73,274.249879587216,38885.6877624385
"70","IUU",2030,0.8,-60587.4752214384,1146880.6671062,-1518898.5401205,-22.6212715122346,162.607583161894,-2.72731131478678,37,81,310.823764183012,61986.4768401643
"71","IUU",2030,0.85,-88935.7966594385,1251829.9890362,-5138902.49780049,-33.2055560334386,177.4875581087,-9.22733583424567,41,95,353.885076189188,96494.168300867
"72","IUU",2030,0.9,-103272.511015438,1302750.4917062,-6977096.00870249,-38.5583902100585,184.70719316755,-12.5279683838385,45,NA,375.143316553525,118335.013552198
"73","IUU_20",2015,0.05,1889.81796612614,84770.6883192981,2753291.56341331,0.585795662975584,10.0291028325763,3.76293301126337,12,58,13.5176623230523,2566.61109814765
"74","IUU_20",2015,0.1,11345.5634556345,158875.786347133,8544452.10733891,3.51683706338589,18.7963744364109,11.6777319645744,10,27,22.371262189107,4265.87362068206
"75","IUU_20",2015,0.15,18862.2068856345,227875.290717133,13172399.5973011,5.84680598121446,26.959610319515,18.0027636523855,10,26,30.7104988906087,6024.24219168206
"76","IUU_20",2015,0.2,25094.4292706345,299316.014057133,17129525.5421081,7.77863693492056,35.411663440893,23.4109812364982,10,26,39.5726645344443,8004.51799168205
"77","IUU_20",2015,0.25,29405.8602526344,376150.473087133,20293613.4734221,9.11507124539084,44.5018419681071,27.7353510509762,10,27,49.7057920337896,10315.106801682
"78","IUU_20",2015,0.3,33597.6968586345,645458.290727133,26211898.7494791,10.4144343309957,76.3632772150991,35.8238918111637,11,36,87.9173940220018,19247.174725336
"79","IUU_20",2015,0.35,33007.2145686345,652019.153327133,26108994.6987651,10.2313997897086,77.139483790631,35.6832524925496,11,37,88.975182689944,19510.182735336
"80","IUU_20",2015,0.4,32927.6400086345,649261.168527133,26009096.9900391,10.2067336933085,76.8131904253383,35.5467219518289,11,37,88.7140707294815,19423.584265336
"81","IUU_20",2015,0.45,24018.4534926345,906314.270827133,25567231.4429831,7.44511171952046,107.224787258068,34.9428227950335,13,54,129.860521150346,29362.780198166
"82","IUU_20",2015,0.5,-1267.56413336552,1189653.37432713,17881491.2722502,-0.392912748835284,140.746244519192,24.4386953757819,15,67,182.189792442726,43533.1736785113
"83","IUU_20",2015,0.55,-8327.36097836553,1255495.00462713,15449891.1360941,-2.5812708062873,148.535876690822,21.1154191401221,16,68,194.919817967851,47223.4345519579
"84","IUU_20",2015,0.6,-16813.8797693655,1321110.81342713,12641237.0120191,-5.21187649987122,156.298792233269,17.276821927555,17,71,208.028847206788,51261.5000295716
"85","IUU_20",2015,0.65,-45256.8552083655,1528012.12162713,2683835.91398011,-14.028477861981,180.776999704188,3.66800773725901,21,76,250.905635972974,66331.1162823556
"86","IUU_20",2015,0.7,-104961.368760366,1834843.66702713,-16800649.4026129,-32.5353635651166,217.077815258547,-22.9615050900674,34,86,320.482798683838,109011.996203073
"87","IUU_20",2015,0.75,-92808.8159843655,1777326.35572713,-12923295.6855829,-28.7683802694421,210.273021748929,-17.6623124829215,32,84,307.099744248925,98729.370144433
"88","IUU_20",2015,0.8,-110719.004074366,1851153.07252713,-18226381.1399999,-34.320084557504,219.007358454912,-24.910057539474,34,88,324.715947101487,112156.974149073
"89","IUU_20",2015,0.85,-151364.889374366,2015267.73542713,-30384882.7536468,-46.9192786350958,238.423537126933,-41.5271233444379,38,96,364.529736861404,145649.117493217
"90","IUU_20",2015,0.9,-209123.957364366,2191570.06022713,-45562659.5388389,-64.8231255306838,259.281621213516,-62.27064286904,50,NA,410.889697774798,209123.957364366
"91","IUU_20",2020,0.05,2710.00097363448,77689.0545071329,1771258.8591627,0.840031603821004,9.19128453555666,2.42078555035891,7,27,12.1030694771967,1755.76204560862
"92","IUU_20",2020,0.1,11930.7143706345,144469.979397133,5511054.27301811,3.69821901357226,17.0920433503685,7.53197675334281,6,18,20.5786156741248,2984.12498533604
"93","IUU_20",2020,0.15,20759.2682656345,210889.521597133,8938928.9047064,6.4348469188718,24.9500474791942,12.2168647548377,6,17,28.9313777576871,4253.55416533603
"94","IUU_20",2020,0.2,27435.7193606345,278419.681237133,11534324.348559,8.50437751156515,32.9394472205157,15.7640005986159,6,17,37.8396134480996,5685.05366533603
"95","IUU_20",2020,0.25,39279.2393686345,537542.809227133,16760994.3030071,12.1755684830811,63.5959459282055,22.9073083295955,7,22,75.1185946053633,11527.4451756086
"96","IUU_20",2020,0.3,38158.8516886345,542271.462327133,16502289.2907161,11.8282767038943,64.1553863331347,22.5537353030897,7,22,75.9858001246351,11717.8747556086
"97","IUU_20",2020,0.35,39192.7420886345,535276.824227133,16756529.7617731,12.1487565189706,63.32786037844,22.9012066257975,7,22,74.6223617783895,11463.9861756086
"98","IUU_20",2020,0.4,39334.4391486344,537347.146027133,16793766.0179171,12.1926790155773,63.5727972857648,22.9520975446243,7,22,74.7759771266206,11519.3333256086
"99","IUU_20",2020,0.45,19585.0630006344,991258.302627133,12361779.2786316,6.07087305260038,117.274398117979,16.894886086037,10,48,154.600598185939,25502.4871915113
"100","IUU_20",2020,0.5,12784.1009846345,1050764.24292713,10571579.3571131,3.96274723072503,124.314463572798,14.4482137208728,10,52,166.839651981779,28166.3219715113
"101","IUU_20",2020,0.55,10633.8644146345,1092179.92432713,9818794.94994311,3.29622840211029,129.214295529774,13.4193806928906,11,54,174.566588688515,29610.2969039579
"102","IUU_20",2020,0.6,5123.45448963443,1148638.66702713,7969029.22650911,1.58814101319656,135.893851253134,10.8912995422026,11,56,186.100102493151,32407.8088839579
"103","IUU_20",2020,0.65,-48456.8431913655,1506478.12472713,-7133268.21767289,-15.0203930176285,178.229342328881,-9.74906210848249,24,70,266.604158730725,57978.7146287133
"104","IUU_20",2020,0.7,-64267.4772783655,1577754.94282713,-11042053.5024429,-19.9212887880523,186.662004048121,-15.0912123469291,26,74,284.119728407583,68079.5244653615
"105","IUU_20",2020,0.75,-71277.8603573655,1622978.57722713,-13261180.7788099,-22.0943298306738,192.012349655226,-18.1241011972782,26,76,294.83051051491,73608.9094093615
"106","IUU_20",2020,0.8,-87824.2400273655,1692664.92122713,-17251985.7584329,-27.223288080818,200.256844584532,-23.5783480336433,28,80,312.74688458604,85437.6261336164
"107","IUU_20",2020,0.85,-146956.333564366,1907278.59842713,-30824733.2255229,-45.5527380900413,225.647491759756,-42.1282684910821,36,94,370.271475613514,135737.131913557
"108","IUU_20",2020,0.9,-166532.432593366,1962103.56762713,-34804954.7206789,-51.62083253867,232.133758001084,-47.5680508429718,40,100,386.571924353292,157601.162662124
"109","IUU_20",2025,0.05,3730.03950163448,71148.4616171329,1511117.8810821,1.15621768971967,8.41747604136641,2.06524998448943,5,15,11.8285934515596,1121.17934151131
"110","IUU_20",2025,0.1,13741.6648716344,132225.928717133,4433026.57857111,4.25956776163387,15.643466657273,6.05863261050101,4,11,20.0526751996239,2045.25767641966
"111","IUU_20",2025,0.15,22979.3493836345,194380.898897133,7027851.0789825,7.12301578682062,22.9969351715663,9.60498814392233,4,11,28.4326903698621,2969.23569641967
"112","IUU_20",2025,0.2,30174.7318786345,253597.548917133,9055359.78482011,9.35340195870238,30.0027750936666,12.3759912375293,4,11,36.6816230995926,3886.14923641966
"113","IUU_20",2025,0.25,44333.4677886345,490525.394537133,13472362.3351701,13.7422511695586,58.0333806571559,18.4127237537693,4,14,73.1679615064661,7855.87037641967
"114","IUU_20",2025,0.3,42538.3856786345,433037.677847133,12793303.6384801,13.1858212204463,51.2320884448952,17.4846519068515,4,13,63.912086995716,6858.85339641965
"115","IUU_20",2025,0.35,44402.1794386345,554184.820087133,13798445.6689089,13.7635500392315,65.5648392044654,18.8583829630059,5,15,84.1526394287412,8377.17751151131
"116","IUU_20",2025,0.4,45032.6597786344,491666.384277133,13629964.0332701,13.9589829620756,58.1683695744368,18.6281185344356,4,14,73.128218533018,7866.45266641966
"117","IUU_20",2025,0.45,27210.3517306345,898578.370787133,11521860.1983271,8.43451925929141,106.309563628982,15.7469658017974,6,29,150.947865338358,15416.4515139579
"118","IUU_20",2025,0.5,27083.2362136345,901135.457887133,11476131.8742562,8.39511667137543,106.612089065382,15.6844687446449,6,30,151.302680806628,15486.0791839579
"119","IUU_20",2025,0.55,10665.5010956345,1050800.62138713,8468427.3615271,3.30603497123648,124.318767458061,11.5738286840466,7,46,184.565895770375,19480.9003295716
"120","IUU_20",2025,0.6,12468.4975556345,1040933.99928713,8805448.85143711,3.86491816822151,123.151461050469,12.0344371087916,7,45,182.162850064758,19137.8783825716
"121","IUU_20",2025,0.65,-36391.6887013656,1355895.15398713,-812948.209952891,-11.2805009750842,160.414079431665,-1.11105910333986,30,64,259.24802279606,40047.6754096836
"122","IUU_20",2025,0.7,-45446.4541103655,1396435.59168713,-2458477.25636289,-14.0872487153051,165.210362517624,-3.3600092879155,30,68,270.546104693003,47088.7165146836
"123","IUU_20",2025,0.75,-69659.2199963655,1509481.35178713,-6977112.01302289,-21.592592350987,178.584649966597,-9.53564288866596,32,76,301.410998428867,68207.9027731576
"124","IUU_20",2025,0.8,-74397.7716273656,1531269.69778713,-7891346.7798539,-23.0614232352206,181.162399031966,-10.7851306762536,34,77,307.44147803754,73778.7146076873
"125","IUU_20",2025,0.85,-124648.570896366,1719285.51088713,-16759637.0073529,-38.6378971604728,203.406289710639,-22.9054533089754,40,92,363.382108497238,124648.570896366
"126","IUU_20",2025,0.9,-130299.500953366,1738889.61708713,-17800735.1613829,-40.389542228148,205.725624387739,-24.3283257224252,40,94,369.540323047218,130299.500953366
"127","IUU_20",2030,0.05,4013.29583363445,63654.6266071328,1217360.59938391,1.24401997214589,7.53089079101943,1.66377090131134,5,12,11.4535804964725,824.120940459135
"128","IUU_20",2030,0.1,14443.0116286345,119544.484217133,3481064.12178311,4.47696747729791,14.1431425065824,4.75758225981091,4,9,19.3114913534503,1554.29727581752
"129","IUU_20",2030,0.15,22994.2678796345,175597.287207133,5344920.3241751,7.1276401423996,20.7746720645756,7.30492091635842,4,9,27.5590795808455,2253.07857581752
"130","IUU_20",2030,0.2,29949.0586686344,231204.486697133,6883205.50619411,9.28344898437502,27.353482889093,9.40730054410135,4,9,36.060369042176,2983.90525581752
"131","IUU_20",2030,0.25,43367.4858986345,444784.513847133,10427339.5150331,13.4428212711145,52.6218403572268,14.2510806346008,4,11,72.1092729118343,6083.60958581752
"132","IUU_20",2030,0.3,42382.1055486345,391387.364407133,9934953.49610311,13.1373783418177,46.304497495941,13.5781349758347,4,10,62.2710011117981,5263.8192858175
"133","IUU_20",2030,0.35,44161.6141886344,493972.243297133,10850866.9901721,13.6889809100145,58.4411725643323,14.8299170856891,4,11,81.2518378526885,6842.28109581751
"134","IUU_20",2030,0.4,43601.9197286345,437825.155727133,10417438.7833001,13.5154898155618,51.7984883281468,14.2375492706258,4,11,70.7288637205413,5972.00392581752
"135","IUU_20",2030,0.45,26652.4517076344,808754.075527133,9903376.00879711,8.26158439482014,95.6825755522416,13.5349779157632,5,21,149.987860994108,11895.0397114591
"136","IUU_20",2030,0.5,27175.0604606345,807234.369687133,9969660.00315711,8.42357986021835,95.5027812572228,13.6255684779144,5,21,149.547411997277,11856.6049424591
"137","IUU_20",2030,0.55,18516.1758796345,885441.144307133,9050411.9088871,5.7395451411742,104.755316542931,12.3692289585424,6,29,168.969896128718,12947.1887643556
"138","IUU_20",2030,0.6,6484.89915663446,974682.837957133,7641508.76351711,2.010154347605,115.313377829374,10.4436762034928,6,44,192.337858161047,15319.2547393556
"139","IUU_20",2030,0.65,-34998.3029533655,1202771.84243713,2389754.37627211,-10.848586715266,142.298272328445,3.26608549228157,33,66,258.18410163799,34735.5537586857
"140","IUU_20",2030,0.7,-50209.0763863655,1272494.81446713,402585.972558111,-15.5635408893025,150.547100669296,0.55021562777479,33,73,279.772234825418,49275.0739656857
"141","IUU_20",2030,0.75,-47174.3260743655,1256838.69732713,812761.937105104,-14.6228452229218,148.694847114807,1.11080452360071,33,71,274.976665831275,46324.4820106857
"142","IUU_20",2030,0.8,-72950.2976313655,1372406.60701713,-2630030.1478059,-22.6127429896492,162.367526591718,-3.59447121231421,35,79,311.561591078214,72950.2976313655
"143","IUU_20",2030,0.85,-106987.873473366,1497925.91164713,-7120040.21227589,-33.1635286546402,177.217541833616,-9.73098334819317,39,93,354.54592515338,113085.537581254
"144","IUU_20",2030,0.9,-124238.453733366,1558820.04357713,-9399385.49247489,-38.5107712363343,184.421842319252,-12.8461723506594,41,NA,375.76327099231,136029.308064699
"145","IUU_20_legal",2015,0.05,9881.1216145411,151758.179519585,30048964.1932111,3.06289721596716,17.9543002217195,41.0680222971836,6,20,13.1508233113746,5286.9280623654
"146","IUU_20_legal",2015,0.1,18500.1448306345,225661.449727133,33162343.5857431,5.73457592236822,26.6976938554177,45.3230885780035,7,22,22.0544021426177,7020.18706568041
"147","IUU_20_legal",2015,0.15,25135.7122656344,293880.508167133,35466519.4596041,7.79143361685453,34.7685962604951,48.4722136378861,7,24,30.3932720384749,8997.57513568041
"148","IUU_20_legal",2015,0.2,30458.6013336345,364316.691457133,37209525.3725165,9.44139429371605,43.1018036386023,50.8543857898227,8,25,39.2678475347167,10888.4184920614
"149","IUU_20_legal",2015,0.25,33857.8963116345,439875.180727133,38245145.9859341,10.4950895654194,52.0410239491496,52.2697720297539,9,27,49.4055622425713,12985.4582169702
"150","IUU_20_legal",2015,0.3,35097.7933536345,703793.861827133,37887164.2601171,10.8794262172868,83.2648779093779,51.7805171787944,11,38,87.6888401497522,21911.129530336
"151","IUU_20_legal",2015,0.35,34485.8873956344,710184.879127133,37697320.1758971,10.6897508820056,84.0209903224923,51.52105661857,11,38,88.7443181517372,22175.961448336
"152","IUU_20_legal",2015,0.4,34439.7136486344,707480.025427133,37666900.6667671,10.6754381909313,83.7009828241198,51.4794821712384,11,38,88.4494776786511,22077.296315336
"153","IUU_20_legal",2015,0.45,22816.5125446345,958278.720527133,32608385.9096191,7.07254049461331,113.37262939563,44.5659927244334,12,57,129.734363484198,32667.6510346086
"154","IUU_20_legal",2015,0.5,-5329.63712136552,1233382.77282713,21490222.3007871,-1.65205240234297,145.919809144636,29.370760434383,15,70,182.162154161421,46582.3140715113
"155","IUU_20_legal",2015,0.55,-13029.2994393656,1297229.76282713,18403215.1406633,-4.0387525359578,153.47345818248,25.1517371739349,16,72,194.935042707733,50275.8683339579
"156","IUU_20_legal",2015,0.6,-22031.3265123655,1360790.98782713,15030107.0577011,-6.82915272892549,160.993298758605,20.5416988021897,17,74,208.092247152004,54299.1211965716
"157","IUU_20_legal",2015,0.65,-52063.2997363656,1561098.95782713,3524899.2022091,-16.1383031235957,184.691457510694,4.81749181438851,21,78,251.01561813901,69351.9922293556
"158","IUU_20_legal",2015,0.7,-112488.926651366,1857655.40692713,-17233310.4225109,-34.8687156891757,219.776640640091,-23.5528243880653,36,89,320.505934687861,114501.628939467
"159","IUU_20_legal",2015,0.75,-100264.765610366,1802093.44442713,-13171945.8387659,-31.079535646607,213.203181741263,-18.002143499041,36,87,307.188152374174,105022.054447467
"160","IUU_20_legal",2015,0.8,-118032.137668366,1873386.67182713,-18650838.3658999,-36.586970585108,221.637784822079,-25.4901646841123,38,90,324.753563334735,119534.451666217
"161","IUU_20_legal",2015,0.85,-158227.167017366,2031869.28942713,-31145598.3073679,-49.0464107470018,240.387644008069,-42.56679589758,42,98,364.608597140527,155037.108811158
"162","IUU_20_legal",2015,0.9,-214108.611362366,2201911.87482713,-46248959.0743789,-66.3682419100396,260.505146988229,-63.208610795218,52,NA,411.016480896971,216654.904188897
"163","IUU_20_legal",2020,0.05,10604.7938186345,145148.541917133,29665599.9470661,3.28721725428433,17.1723231431405,40.5440770687427,2,12,11.5699587805362,3823.84270568041
"164","IUU_20_legal",2020,0.1,18949.6865806344,211977.799907133,31626729.6178421,5.87392246907095,25.0788001801318,43.224359707746,3,13,20.1057972991212,4806.2471820614
"165","IUU_20_legal",2020,0.15,26902.6337806344,278370.484117133,33346352.8534101,8.33913449538251,32.9336267773257,45.5745746744575,3,15,28.5120681524899,6276.8050820614
"166","IUU_20_legal",2020,0.2,32739.1299746344,345679.645397133,34382081.194412,10.1483003614617,40.8968805084848,46.9901081460472,4,16,37.453365736564,7503.45092697025
"167","IUU_20_legal",2020,0.25,41694.6825886344,602984.759227133,34521959.5117771,12.9242946502581,71.3382924766043,47.1812803215507,6,22,74.8102664964411,13439.434945336
"168","IUU_20_legal",2020,0.3,40559.5543486344,607611.104527133,34233743.3171361,12.5724336711416,71.8856289872853,46.7873742610349,6,22,75.693935691077,13598.962525336
"169","IUU_20_legal",2020,0.35,41637.8578886344,600743.632827133,34553522.4119871,12.9066804337533,71.0731479134065,47.2244174453881,6,22,74.321557953991,13372.997705336
"170","IUU_20_legal",2020,0.4,41751.2770086345,602796.270527133,34552934.9570371,12.9418374858004,71.3159926393309,47.2236145686955,6,22,74.4722004176743,13432.525915336
"171","IUU_20_legal",2020,0.45,18119.1566536344,1051039.34392713,23723858.8781071,5.61647924547554,124.347010391433,32.4234791960469,9,50,154.426842042589,28296.2434364197
"172","IUU_20_legal",2020,0.5,10946.5596686344,1109583.21772713,21330059.6010801,3.39315600408547,131.273255089908,29.1518655240476,10,54,166.68556714341,30737.6955385113
"173","IUU_20_legal",2020,0.55,8480.73213663447,1150437.96532713,20050275.6717121,2.62881197742118,136.106723745205,27.4027804438126,10,56,174.412649010524,32577.1399155113
"174","IUU_20_legal",2020,0.6,2580.12549563445,1205965.93692713,17647410.9718141,0.799773497959489,142.67616122769,24.1187770273214,11,58,185.957068092267,35240.8236699579
"175","IUU_20_legal",2020,0.65,-52752.6179593655,1557384.52882713,-383777.289601892,-16.3519742986408,184.252008555591,-0.524509736348384,24,72,266.533891983257,61640.9095357133
"176","IUU_20_legal",2020,0.7,-68735.9993853655,1627237.41032713,-4724208.28394289,-21.3064173650427,192.516206306074,-6.45659164469101,26,76,284.042436727291,71881.4595843615
"177","IUU_20_legal",2020,0.75,-75981.7742003655,1671595.52342713,-7264817.7205229,-23.5524238786887,197.764153285852,-9.92885126465739,26,76,294.749710930391,77520.4103753615
"178","IUU_20_legal",2020,0.8,-92677.4687563655,1739846.45492713,-11652052.7534029,-28.7276659583892,205.838826548553,-15.924900412801,28,80,312.676595442398,89492.6993806164
"179","IUU_20_legal",2020,0.85,-151888.340222366,1949873.72422713,-26260407.9225229,-47.0815351285971,230.686862151626,-35.8901894641334,36,94,370.205326443862,140228.891628557
"180","IUU_20_legal",2020,0.9,-171336.772363366,2003427.53092713,-30427293.7803209,-53.1100560782769,237.022738916566,-41.5850866398746,40,NA,386.488534278136,162179.192987124
"181","IUU_20_legal",2025,0.05,11953.0885076345,139302.727787133,30092719.1220361,3.70515442886217,16.4807129626372,41.1278223082936,0,1,11.2398822623739,245.840731682052
"182","IUU_20_legal",2025,0.1,21504.5500886345,200858.244467133,32074731.2543023,6.66586539125032,23.7632609628467,43.8366450789495,0,3,19.5327840117022,673.260381682048
"183","IUU_20_legal",2025,0.15,30261.3513176345,263412.392587133,33761239.3058471,9.38025178900618,31.163955666854,46.1416014102187,2,5,27.9588468246627,1082.13359560861
"184","IUU_20_legal",2025,0.2,37011.1430416345,322929.450187133,34972742.2733194,11.4725161175186,38.2053363940514,47.7973666659308,3,6,36.2500624044562,1598.96176216597
"185","IUU_20_legal",2025,0.25,49545.2031186345,560463.021827133,36556209.6595571,15.3577570053661,66.3076045647861,49.9614969669534,4,10,72.8364113537449,5334.12903641966
"186","IUU_20_legal",2025,0.3,48118.0758386345,502886.556027133,36524741.8497671,14.9153837259693,59.495812568129,49.9184898035188,3,10,63.5634234805511,4892.02150216597
"187","IUU_20_legal",2025,0.35,49253.2023486345,624163.551927133,36220273.2129491,15.2672441688297,73.8439261345271,49.5023714746062,4,12,83.8512223251127,6632.02094641967
"188","IUU_20_legal",2025,0.4,50224.3460086345,561627.957227133,36682080.4859741,15.5682740851239,66.4454264599665,50.1335250565947,4,10,72.8388454974959,5351.72524641966
"189","IUU_20_legal",2025,0.45,30639.5086176345,968293.879827133,30774270.0851481,9.49747096579106,114.557509033813,42.0593003442677,6,25,150.707198873782,13486.0115239579
"190","IUU_20_legal",2025,0.5,30536.7547676344,970842.582627133,30706592.5840671,9.46561987708146,114.859042535282,41.9668052717075,6,25,150.985598243451,13564.4398039579
"191","IUU_20_legal",2025,0.55,13879.8795226344,1120153.43042713,26547440.7580371,4.30241079972894,132.523802327783,36.2824782236769,7,44,184.209714109305,17905.9223025716
"192","IUU_20_legal",2025,0.6,15718.8973276344,1110361.50872713,26948075.9196571,4.87245970052978,131.365333621148,36.83002767146,7,42,181.88320543323,17535.0130825716
"193","IUU_20_legal",2025,0.65,-33219.2976293655,1424053.08822713,15274664.7868961,-10.2971401622703,168.477750317222,20.875936688426,28,63,258.887081521915,38143.2391402173
"194","IUU_20_legal",2025,0.7,-42293.3492623655,1464326.97192713,13406907.2485241,-13.1098661430292,173.242497768288,18.3232660626304,28,66,270.1316653679,44816.5552352173
"195","IUU_20_legal",2025,0.75,-66636.9197283656,1576664.93522713,8257081.26254511,-20.65575588264,186.533046757276,11.2849812465906,30,74,300.893434426181,65055.3822956836
"196","IUU_20_legal",2025,0.8,-71405.7465313655,1598305.43302713,7227694.65916711,-22.1339713027238,189.09330410669,9.87811504953542,30,76,306.921432499248,68879.6261736836
"197","IUU_20_legal",2025,0.85,-122212.530728366,1784747.65302713,-2561096.82970089,-37.8827864615445,211.151025163181,-3.50025981032535,36,92,362.790074730431,117412.837252439
"198","IUU_20_legal",2025,0.9,-128171.431065366,1804076.92922713,-3688664.99130289,-39.7298945090321,213.43784508328,-5.0413110793314,38,94,369.021735217033,125665.533818686
"199","IUU_20_legal",2030,0.05,12580.3123456344,132087.417937133,30279031.2764456,3.89957791863799,15.6270796385572,41.3824557679472,0,-15,10.9068091906262,-4503.56753848869
"200","IUU_20_legal",2030,0.1,22951.7274906345,188554.289297133,32143752.6064431,7.11445370020033,22.3075970524329,43.9309767973567,0,-15,18.8241830766107,-4165.48063848869
"201","IUU_20_legal",2030,0.15,31414.5966926345,245137.414157133,33628075.4644091,9.73772862070679,29.0018682570263,45.9596059319656,2,-15,27.143094339938,-3697.16700742839
"202","IUU_20_legal",2030,0.2,38264.0881766345,301236.769537133,34803625.4049041,11.8608973474494,35.6389053638629,47.5662340625488,3,-15,35.6709923931812,-3188.70437188316
"203","IUU_20_legal",2030,0.25,51189.4587986345,516473.845227133,37060988.9251344,15.8674345845995,61.1033059518029,50.6513805183661,4,-5,71.8627182435006,-469.076784182485
"204","IUU_20_legal",2030,0.3,50340.4390186344,462699.514307133,36870684.1978114,15.6042599752883,54.7413392715478,50.3912903956348,4,-15,61.9695890484751,-1388.12680418248
"205","IUU_20_legal",2030,0.35,51858.1169786344,566006.669897133,37207085.7005488,16.0747016700427,66.9634658968568,50.8510514817872,4,-4,81.0432475594364,381.35730581751
"206","IUU_20_legal",2030,0.4,51444.1823486345,509471.601847133,37088235.8014391,15.9463924279063,60.2748802269552,50.6886189175474,4,-5,70.4636625592932,-593.814894182491
"207","IUU_20_legal",2030,0.45,33537.5415596344,882589.268307133,34642453.0519571,10.395787713231,104.41791503969,47.3459592556717,5,13,150.087820987548,5737.46388845914
"208","IUU_20_legal",2030,0.5,34064.8006416344,881073.889017133,34714246.0879171,10.5592246627342,104.238632612814,47.4440790438491,5,13,149.503169290437,5695.56548945914
"209","IUU_20_legal",2030,0.55,25196.0382696345,959651.981047133,33424382.2352571,7.81013314884189,113.535097947485,45.6812176979215,5,17,168.974651200989,7522.85834645914
"210","IUU_20_legal",2030,0.6,13004.4019526344,1049283.21756713,31610062.2335431,4.03103494621768,124.139245511843,43.2015803365296,6,30,192.32976459168,9366.43760735559
"211","IUU_20_legal",2030,0.65,-28797.5280983655,1278168.19085713,25404697.9748471,-8.92650369867108,151.218309979393,34.720687747365,31,63,258.27233919112,28218.608576439
"212","IUU_20_legal",2030,0.7,-44033.2753833655,1348084.06635713,23146427.0973171,-13.6491991337452,159.489960462848,31.634301203218,33,69,279.906009735631,43333.5169616857
"213","IUU_20_legal",2030,0.75,-41014.3726543656,1332372.06595713,23619614.8622171,-12.7134158163613,157.631095437197,32.2810085424367,33,69,275.109459727084,40384.4659816857
"214","IUU_20_legal",2030,0.8,-66870.1125273655,1448211.43495713,19728908.6028071,-20.7280397389372,171.335890889439,26.9635669698802,33,77,311.724291073796,65158.7215276857
"215","IUU_20_legal",2030,0.85,-101223.651446366,1573831.73395713,14789850.0685771,-31.3767659481947,186.197854635499,20.2133387521409,37,91,354.630018061028,104356.441492897
"216","IUU_20_legal",2030,0.9,-118692.422870366,1634720.36015713,12296272.7651071,-36.7916422596245,193.401503745838,16.805358109607,39,99,375.815149247891,126766.751607254
"217","IUU_40",2015,0.05,2264.71332182916,98771.3704427768,3787218.36572947,0.60479265797865,10.0326282763071,5.25325333375323,12,57,13.3691964633789,2932.66415030153
"218","IUU_40",2015,0.1,13322.5373435133,185115.574492409,11170193.8678097,3.5577892766116,18.8029763960128,15.4941839915372,10,26,22.1055236911969,4866.51865966698
"219","IUU_40",2015,0.15,22129.7203745132,265518.682572409,17124142.2237398,5.90975125929682,26.9698621242382,23.7529100615244,10,25,30.3428866299142,6864.95536966698
"220","IUU_40",2015,0.2,29444.6766645132,348782.324792409,22284635.4928807,7.86321345470332,35.4273044739791,30.9110340068554,10,26,39.106794809495,9124.32411966698
"221","IUU_40",2015,0.25,34524.0405745133,438336.786192409,26522885.8563197,9.2196597520601,44.5237320894248,36.7899141507861,10,27,49.1281200727225,11770.590909667
"222","IUU_40",2015,0.3,39557.5831845133,752270.665492409,35164373.5857497,10.5638694517195,76.4113317069745,48.7765280291945,11,36,86.9711511497382,21992.5456537608
"223","IUU_40",2015,0.35,38888.6354745133,759924.129092409,35075173.3300917,10.3852266806103,77.1887265632049,48.6527982900679,11,36,88.0265979452028,22296.9431437608
"224","IUU_40",2015,0.4,38793.4724445133,756708.745992409,34941769.0405917,10.3598133528834,76.8621264232696,48.4677531036339,11,36,87.7628950717397,22197.6245237608
"225","IUU_40",2015,0.45,28343.9035645133,1056304.91799241,35897732.6803947,7.56925152911943,107.293384116732,49.7937709596903,13,54,128.536989847725,33546.831937625
"226","IUU_40",2015,0.5,-1436.43736748677,1386373.79139241,28348167.8363877,-0.383601211300559,140.819883724431,39.321764105254,15,67,180.371740533432,49825.9812662702
"227","IUU_40",2015,0.55,-9737.16136248672,1463070.13929241,25828281.0295077,-2.6003130925326,148.610258052352,35.8264272932259,16,69,192.956321199904,54041.6711162978
"228","IUU_40",2015,0.6,-19664.4395754868,1539487.65069241,22858743.1386967,-5.2513969710363,156.372309770778,31.707379137521,17,71,205.940829929038,58664.6856003302
"229","IUU_40",2015,0.65,-52991.1237174867,1780410.85059241,12195598.7811517,-14.1513021773941,180.843904089047,16.9165238883345,21,76,248.344064525192,75941.3394135423
"230","IUU_40",2015,0.7,-122433.559889487,2137543.31729241,-9177203.54099233,-32.6959343585019,217.119367998678,-12.7297056680184,34,86,316.993261075917,125663.170208983
"231","IUU_40",2015,0.75,-108295.372275487,2070610.01329241,-4902490.64328833,-28.9203253294678,210.320667572363,-6.80024831644158,34,85,303.779237531605,115138.554273983
"232","IUU_40",2015,0.8,-129073.336737487,2156522.73889241,-10767423.8753593,-34.4690895961121,219.047188590399,-14.9355014437544,34,88,321.157837638264,129316.087399983
"233","IUU_40",2015,0.85,-176225.990256487,2347468.56879241,-24227810.6165501,-47.0612258182231,238.442368830482,-33.6064136260649,40,96,360.39550318395,171530.469543171
"234","IUU_40",2015,0.9,-243114.618605487,2552521.92759241,-41160730.2804213,-64.9238625315817,259.27051079537,-57.0940787365169,50,NA,406.031931553416,243114.618605487
"235","IUU_40",2020,0.05,3186.96910751326,90384.1559724092,2349676.13746966,0.851081458677528,9.18070322274499,3.25923746940465,7,27,11.9427908130855,2015.35102060933
"236","IUU_40",2020,0.1,13931.6606125133,168088.569322409,6991703.45468767,3.72045590525032,17.073471046805,9.69819691790533,6,18,20.3003231600879,3426.4098337608
"237","IUU_40",2020,0.15,24226.0862145133,245396.753212409,11262511.8441347,6.46958665049116,24.9259921590245,15.6222383232554,6,17,28.5348979491762,4880.2681937608
"238","IUU_40",2020,0.2,32026.5946545133,324016.882982409,14551152.7968794,8.55271575453252,32.9117731953867,20.1839145669215,6,17,37.3359672511733,6523.52586376079
"239","IUU_40",2020,0.25,45926.1770645133,625716.838792409,21585840.7269307,12.2646051621276,63.5567211600765,29.9417352816869,7,21,74.2212827470314,13202.2241706093
"240","IUU_40",2020,0.3,44617.9044445133,631210.633792409,21297895.8442017,11.9152304012765,64.1147492892212,29.5423267266321,7,22,75.0796772919821,13423.0077606093
"241","IUU_40",2020,0.35,45826.5737645132,623076.824692409,21573291.0017017,12.2380060584045,63.2885636971318,29.9243275487467,6,22,73.7291550124651,13569.6619937608
"242","IUU_40",2020,0.4,45992.5885045133,625488.009092409,21623034.8918847,12.282340365489,63.5334779539897,29.9933273347909,6,22,73.8915893462028,13629.9017737608
"243","IUU_40",2020,0.45,22754.1177945132,1153724.59459241,17956043.7625763,6.07649685647104,117.188715099226,24.9068412876172,10,48,152.949364253198,29149.9431842702
"244","IUU_40",2020,0.5,14774.3133945133,1222926.61379241,16053768.8022267,3.94548668988282,124.217858579681,22.2681943145248,10,52,165.080370938122,32231.1275642702
"245","IUU_40",2020,0.55,12174.9215445133,1271092.03449241,15312100.0470237,3.25131798829201,129.110225259305,21.2394250478601,10,54,172.72910450567,34164.3917042702
"246","IUU_40",2020,0.6,5702.12698451325,1336767.86359241,13333177.5651817,1.52275544187208,135.78119861064,18.4944602422795,11,56,184.134475381245,37072.8882182978
"247","IUU_40",2020,0.65,-56807.2813864867,1752751.72609241,-3128356.88466533,-15.1704087096222,178.0344491497,-4.33934609692689,24,70,263.715833564925,66353.8002055598
"248","IUU_40",2020,0.7,-75152.6927784868,1835555.29979241,-7450967.72880533,-20.0695586419934,186.4451603827,-10.3352427246416,26,74,280.983678958775,78142.1956382693
"249","IUU_40",2020,0.75,-83319.9963934867,1888099.27069241,-9889802.89472533,-22.250640553873,191.782275032802,-13.7181527468832,26,76,291.546015938205,84579.6166932693
"250","IUU_40",2020,0.8,-102531.127068487,1969037.48479241,-14310651.4034053,-27.3809811898014,200.003513755858,-19.8503149101199,28,80,309.203007398645,98414.7177922787
"251","IUU_40",2020,0.85,-171012.973497487,2218242.42459241,-29398540.8403453,-45.6690874705684,225.316319626881,-40.7787372585995,36,94,365.865513021373,157364.348309218
"252","IUU_40",2020,0.9,-193657.856144487,2281862.28249241,-33842264.8674353,-51.7164130343322,231.778459237184,-46.9426300699647,40,100,381.88648792511,182962.774601145
"253","IUU_40",2025,0.05,4341.25685951323,82708.5213124092,1854567.97125807,1.15933449488982,8.40105635763307,2.57247257402516,5,15,11.6805688476635,1290.80675427019
"254","IUU_40",2025,0.1,15966.9545045132,153735.433172409,5335491.03195056,4.26398200669798,15.6155619487876,7.40086346867038,4,11,19.7907363471449,2358.20429764557
"255","IUU_40",2025,0.15,26704.7538445133,226046.599722409,8436216.55079767,7.13151589766959,22.9605147521162,11.7018820780898,4,11,28.0642567902271,3423.27116764558
"256","IUU_40",2025,0.2,35072.7911845132,294946.181052409,10874516.8672494,9.36620383637769,29.9589383315232,15.0840502102472,4,11,36.2175074333456,4480.27287764559
"257","IUU_40",2025,0.25,51562.4004345133,570613.581692409,16335062.0077798,13.7697610156511,57.959648923255,22.658376323359,4,14,72.3390535558629,9057.51895764557
"258","IUU_40",2025,0.3,49473.6376745133,503735.003792409,15464782.4452557,13.2119560302117,51.1665072597254,21.4512109128568,4,13,63.1641939751622,7907.82536764559
"259","IUU_40",2025,0.35,51641.0493345133,644662.115092409,16804392.9906847,13.7907642379219,65.4810734684202,23.3093856691335,5,14,83.235243578269,9636.81559427019
"260","IUU_40",2025,0.4,52378.0732445132,571948.364992409,16519834.0187567,13.9875867872601,58.0952285412991,22.9146737133992,4,13,72.3087246606555,9069.62999764559
"261","IUU_40",2025,0.45,31475.0088645132,1045045.01389241,14677762.2973247,8.40541453418736,106.149667756862,20.3595346965441,6,29,149.423961890994,17708.6831982977
"262","IUU_40",2025,0.5,31314.1571445133,1048017.58859241,14629167.3017747,8.36245901379476,106.451604814685,20.2921285430763,6,29,149.798290046937,17788.9573282978
"263","IUU_40",2025,0.55,12066.0820845133,1221870.28739241,11380010.6779447,3.22225236410379,124.110563013546,15.7852210406002,7,46,182.750322858405,22347.5571473301
"264","IUU_40",2025,0.6,14167.0824045133,1210418.22179241,11752274.1475047,3.78332539515767,122.947327992652,16.3015879684216,7,45,180.361978962726,21951.0506073302
"265","IUU_40",2025,0.65,-42999.5387374868,1576034.46809241,1137584.99741466,-11.4830451493508,160.084525486857,1.57794497253532,30,65,256.625578454335,46264.6478841705
"266","IUU_40",2025,0.7,-53515.6846044867,1623073.45749241,-693717.89730534,-14.2913863858731,164.862475747421,-0.962256597000216,32,69,267.774231700902,55599.9564359699
"267","IUU_40",2025,0.75,-81684.5282074867,1754208.13089241,-5719805.16568533,-21.8138880776472,178.182382380885,-7.93394588148283,34,76,298.23206256324,81010.4946812033
"268","IUU_40",2025,0.8,-87190.5265364868,1779480.62819241,-6738209.61495534,-23.2842672784603,180.749417442647,-9.3465754295037,34,78,304.181103485487,85875.4376432033
"269","IUU_40",2025,0.85,-145469.944098487,1997483.90339241,-16637079.5572753,-38.8478105812839,202.892937506148,-23.0773050846621,40,93,359.314816568306,145469.944098487
"270","IUU_40",2025,0.9,-152013.163859487,2020199.67919241,-17801310.0820777,-40.5951802076512,205.200275488679,-24.6922100875051,42,95,365.378347507332,154648.96425659
"271","IUU_40",2030,0.05,4644.70087851328,73957.4848724093,1414294.10019167,1.24036934951351,7.51217635889091,1.96176836909386,5,12,11.3254630116763,950.932076849218
"272","IUU_40",2030,0.1,16728.6513645133,138940.177012409,4028292.05184467,4.46739347785113,14.1127448405445,5.58764681809116,4,9,19.0923154233673,1794.35750613778
"273","IUU_40",2030,0.15,26638.0440445133,204129.115262409,6182312.60728566,7.11370101714306,20.7342626169763,8.57549028817949,4,9,27.2495462909036,2601.31980613776
"274","IUU_40",2030,0.2,34697.9700245133,268808.865402409,7962236.85605367,9.26610768582388,27.3040599909531,11.0444245007616,4,9,35.6695739521541,3444.95698613775
"275","IUU_40",2030,0.25,50233.7047345132,517195.217492409,12085770.0360777,13.4149322625801,52.5337184259408,16.764180356622,4,11,71.389021642303,7020.77877613777
"276","IUU_40",2030,0.3,49099.5930945133,455113.116682409,11506052.8258707,13.1120672656779,46.2277753449971,15.9600541951331,4,10,61.6424718474793,6075.40882613778
"277","IUU_40",2030,0.35,51147.9340045133,574387.276582409,12585423.7983647,13.6590775788441,58.3429591667988,17.4572504516047,4,11,80.501394418533,7895.65530613775
"278","IUU_40",2030,0.4,50508.5135645132,509108.714392409,12072106.2859627,13.488320077775,51.7123379055145,16.7452273589568,4,11,70.0166930276879,6892.10328613778
"279","IUU_40",2030,0.45,30678.2166845133,940125.279982409,11604157.4740147,8.19263084286806,95.4925240476136,16.0961352235161,5,21,148.522056382591,13715.5697018492
"280","IUU_40",2030,0.5,31284.8033845132,938369.402102409,11678574.6888547,8.35462007967406,95.3141720617126,16.1993593960339,5,21,148.047203317078,13671.2450428492
"281","IUU_40",2030,0.55,21182.0825295133,1029182.17614241,10655431.0828747,5.65668416883798,104.538411844954,14.7801561603136,6,29,167.173723849823,14906.8755075423
"282","IUU_40",2030,0.6,7104.44789651327,1132747.79787241,9078556.31988467,1.89724583919201,115.058012619591,12.5928720362853,6,45,190.444595082215,17639.9621635423
"283","IUU_40",2030,0.65,-41403.8737854867,1397193.59274241,3177078.63204467,-11.0569221437317,141.918896975755,4.40692806794892,33,67,255.622923565072,40874.6093043361
"284","IUU_40",2030,0.7,-59194.5195944867,1477968.22047241,940720.935344666,-15.8079216906817,150.123519535302,1.30487468967979,35,73,277.023342957899,59194.5195944867
"285","IUU_40",2030,0.75,-55605.4871124867,1459836.06500241,1402389.66389467,-14.8494690364591,148.281759368735,1.94525571689784,35,73,272.279373794522,55605.4871124867
"286","IUU_40",2030,0.8,-85744.4984804867,1593686.36852241,-2470387.22723033,-22.8981048697041,161.877504105971,-3.42667590930143,35,81,308.435621171972,85744.4984804867
"287","IUU_40",2030,0.85,-125255.623405487,1739011.99872241,-7521714.76393533,-33.4495676234167,176.638846590952,-10.4333759882297,39,95,350.902370951474,132828.477200352
"288","IUU_40",2030,0.9,-145267.909631487,1809498.96502241,-10085665.4695053,-38.7938571907499,183.79850761461,-13.9898338659946,43,NA,371.858502139798,163089.904644095
"289","IUU_40_legal",2015,0.05,19804.9101319321,280545.799904554,64784012.4689709,5.2889096930137,28.49623035809,89.8619505429497,6,21,12.7907184433835,12490.4559629864
"290","IUU_40_legal",2015,0.1,28857.4215815132,365588.035642409,65913404.1947547,7.7063867344577,37.1343320177028,91.428530622481,7,23,21.4735369004657,14351.3309422968
"291","IUU_40_legal",2015,0.15,35483.3529185132,443525.473652409,66440752.9682753,9.47584452245342,45.0507691477825,92.160016487573,7,25,29.6885877901622,16689.6051922968
"292","IUU_40_legal",2015,0.2,40555.9166615133,523856.266652409,66435228.4449627,10.8304748323141,53.2103095256988,92.1523534172911,8,27,38.4517710706613,18682.1314175151
"293","IUU_40_legal",2015,0.25,43392.4652185133,609783.789592409,65720113.7527707,11.5879763336026,61.9383335725081,91.160417310631,8,29,48.50732926213,21520.3979405151
"294","IUU_40_legal",2015,0.3,41232.3938545132,908772.427992409,59821913.706814,11.0111283550681,92.3078814937272,82.9790197617211,10,42,86.4367136395639,31591.861509667
"295","IUU_40_legal",2015,0.35,40508.5666645133,915953.561492409,59536552.5336887,10.8178299954313,93.0372997723748,82.5831950721259,10,43,87.5032782132422,31861.384209667
"296","IUU_40_legal",2015,0.4,40480.6090615133,912886.794292409,59564023.0183643,10.8103639056326,92.725795181625,82.6212994012841,10,43,87.1859785323531,31746.530822667
"297","IUU_40_legal",2015,0.45,23619.7865865133,1195472.10849241,49927285.3996359,6.30767407638513,121.429187682942,69.2541736817353,12,62,128.231545806563,43369.7712786093
"298","IUU_40_legal",2015,0.5,-12914.8484564867,1503329.13759241,34670670.7966577,-3.44891578554475,152.699535774325,48.0917125334338,15,74,180.311351981416,58981.4224552702
"299","IUU_40_legal",2015,0.55,-22712.3411424867,1574640.64039241,30700102.0726957,-6.06534038373913,159.942948477925,42.5841337851902,16,76,192.991112509831,63140.4377642978
"300","IUU_40_legal",2015,0.6,-33875.9115354868,1645543.02469241,26497010.3157397,-9.04657661590873,167.144805275062,36.7540221697363,17,78,206.06635256518,67664.9625243302
"301","IUU_40_legal",2015,0.65,-70930.9129384867,1868725.02689241,12501024.2308627,-18.9421305360943,189.814350670625,17.3401797504909,21,82,248.519889944145,84724.6120975423
"302","IUU_40_legal",2015,0.7,-141961.012491487,2198333.86959241,-11370892.0604013,-37.9107488998748,223.294123003122,-15.7725725996119,40,92,317.14650693544,142582.874598171
"303","IUU_40_legal",2015,0.75,-127765.903024487,2136614.29849241,-6759575.77043533,-34.1199388657329,217.02500360705,-9.3762124392205,40,91,304.086490615474,130616.027610171
"304","IUU_40_legal",2015,0.8,-148049.654793487,2215782.74359241,-12911956.1484953,-39.5367234220424,225.066479364053,-17.9101837105962,40,94,321.398925341219,146847.329954171
"305","IUU_40_legal",2015,0.85,-193950.165479487,2391652.76849241,-26882384.6073753,-51.7944743668472,242.930345956739,-37.2885751283397,44,NA,360.669374444316,189872.518742203
"306","IUU_40_legal",2015,0.9,-255899.941476687,2580013.23779241,-43319927.7504363,-68.3381884543625,262.062920122372,-60.0891031085544,54,NA,406.321277963368,262437.804325552
"307","IUU_40_legal",2020,0.05,20908.2020541133,276224.241911409,64723865.6801517,5.58354427113479,28.0572713285113,89.7785208886846,2,14,12.427806804722,10620.2804492968
"308","IUU_40_legal",2020,0.1,30206.3113815133,356428.010858409,65196176.1486457,8.06660833054183,36.203909332995,90.4336630810743,2,15,20.9973958715226,12081.9878882968
"309","IUU_40_legal",2020,0.15,38660.3481335132,434638.704335409,65452719.3026377,10.3242624488837,44.1481021833061,90.7895142754906,3,16,29.4323070905132,13085.4770655151
"310","IUU_40_legal",2020,0.2,44514.5298575133,513319.825425409,65084875.6230157,11.8876241737524,52.1400783675021,90.2792780414883,3,18,38.4466079035231,14834.5352915151
"311","IUU_40_legal",2020,0.25,51354.5828715133,812418.453510409,60262950.9882257,13.7142632468651,82.5207984089305,83.5907828936944,5,25,76.1742329161075,21525.226899667
"312","IUU_40_legal",2020,0.3,50007.4492635133,817686.766247409,59914647.9174047,13.3545106426032,83.0559233454047,83.1076514522903,5,25,77.0757371969736,21671.615757667
"313","IUU_40_legal",2020,0.35,51333.5808525133,809827.815324409,60333792.0350387,13.7086546487386,82.2576562676194,83.689046560956,5,25,75.6840486041479,21451.822310667
"314","IUU_40_legal",2020,0.4,51428.2086615133,812207.870388409,60295633.8298417,13.7339250454692,82.4994085853934,83.6361172869339,5,25,75.8547047852297,21519.641040667
"315","IUU_40_legal",2020,0.45,18040.1395225133,1329312.36405541,42000274.0107767,4.81762694949588,135.023911806442,58.2586104519917,9,54,156.524753797402,38573.6364556456
"316","IUU_40_legal",2020,0.5,9052.73866451328,1396467.86395741,38756019.4645277,2.41753771928847,141.84518161576,53.7585026248731,10,58,168.864792565722,41367.4752642702
"317","IUU_40_legal",2020,0.55,5550.46017551323,1443479.12716641,36817465.8107857,1.48225275587729,146.620315609156,51.0695334499419,10,58,176.672538690293,43662.0984632702
"318","IUU_40_legal",2020,0.6,-2002.86041948677,1507155.36214641,33612578.5628165,-0.534864728787519,153.088181679306,46.6240320307349,11,60,188.295606720982,46757.2500612978
"319","IUU_40_legal",2020,0.65,-69461.0305562867,1909111.21539641,10799287.8105247,-18.5495978193579,193.916547642694,14.979699931264,24,74,269.121483275608,77399.1470413598
"320","IUU_40_legal",2020,0.7,-88283.5814734867,1988743.04872641,5586121.19010466,-23.576168065325,202.005091713505,7.74851274228403,28,78,286.633326857491,90783.9797102787
"321","IUU_40_legal",2020,0.75,-97061.6547287867,2039384.65463641,2464570.38737467,-25.9203562700009,207.148975058777,3.41860736653132,28,79,297.348220397598,97849.5579675787
"322","IUU_40_legal",2020,0.8,-116621.754763287,2117143.77718641,-2762783.82785533,-31.1438893221396,215.047299929017,-3.83225944546903,30,82,315.237839825919,112673.831721713
"323","IUU_40_legal",2020,0.85,-185266.154745287,2356088.55339641,-19875793.8653253,-49.4754055985274,239.317937336738,-27.5697280433686,38,96,372.562439512687,174180.125494902
"324","IUU_40_legal",2020,0.9,-207449.563051887,2416841.34527641,-24642158.7090853,-55.3994942429736,245.488856854687,-34.1811561648478,42,NA,388.746588631865,200167.024999499
"325","IUU_40_legal",2025,0.05,22492.0953500133,269338.330900109,65718593.5423737,6.00652365097446,27.3578400539384,91.15830862569,0,4,12.030487000302,3902.88919546698
"326","IUU_40_legal",2025,0.1,33227.8031775132,343333.755936409,66872475.3778512,8.87349900264137,34.8738701566758,92.758858954087,0,5,20.3347428999667,4446.61486976699
"327","IUU_40_legal",2025,0.15,42880.5315590132,417584.116008409,67727852.7943127,11.45126423161,42.4157950955011,93.9453535870095,0,6,28.8240154084738,4981.87824736699
"328","IUU_40_legal",2025,0.2,50163.4334065132,487801.505371409,68156153.1281887,13.396166274483,49.548074042869,94.5394492898455,0,7,37.2003393470286,5472.71273036698
"329","IUU_40_legal",2025,0.25,62349.4601916132,766159.155022409,66708206.0931597,16.6504499220076,77.8220446711587,92.5310009105034,3,11,74.2068662414532,8237.85411072502
"330","IUU_40_legal",2025,0.3,61267.7622307133,698833.856788409,67407787.2587147,16.3615820204515,70.9835277229247,93.5013904511326,2,10,64.8021550273903,7750.24053880933
"331","IUU_40_legal",2025,0.35,61408.5150515133,840518.623571409,65582871.3403947,16.3991701212452,85.3750522221482,90.9700482611802,3,12,85.3656078216995,9732.15726552502
"332","IUU_40_legal",2025,0.4,63104.9449985133,767560.971418409,66811917.2171527,16.8522024617323,77.9644331259271,92.6748586855907,3,11,74.209082396814,8278.74739132501
"333","IUU_40_legal",2025,0.45,36859.7487010133,1241136.09724141,55930053.2089806,9.84341160288921,126.067473278034,77.5806172508567,5,27,152.833892986348,17828.6586893702
"334","IUU_40_legal",2025,0.5,36727.6231904133,1244098.67718541,55829784.0195473,9.80812742896206,126.368395125972,77.4415337856861,5,27,153.138907775486,17917.5287732702
"335","IUU_40_legal",2025,0.55,16428.1551326133,1417350.97333441,49907458.9687267,4.38714583102906,143.966367873415,69.226672425084,7,44,186.543535627381,22610.5797623302
"336","IUU_40_legal",2025,0.6,18604.3764723132,1406051.67962241,50422210.6702807,4.96830666745845,142.818650543088,69.9406848825418,6,42,184.22670736383,22526.3432322978
"337","IUU_40_legal",2025,0.65,-39825.2669530867,1768917.90663041,35155788.9184647,-10.6353545162232,179.676516879026,48.7646202309956,26,64,261.420775414144,45879.2006380139
"338","IUU_40_legal",2025,0.7,-50505.7315881868,1815345.22537341,32838869.0077147,-13.4875771498111,184.392337148868,45.5508189473608,26,66,272.650496471101,53208.4578351139
"339","IUU_40_legal",2025,0.75,-79286.8635135868,1944878.82474941,26428409.3432047,-21.1735906990836,197.549615882633,36.6588657111256,28,74,303.483356241735,75911.1346197843
"340","IUU_40_legal",2025,0.8,-84925.0190082868,1969804.28351141,25160040.2586427,-22.6792625273318,200.081400763763,34.8995100367343,30,76,309.508769447456,82608.8448689705
"341","IUU_40_legal",2025,0.85,-144730.368943427,2184140.39480541,13309369.1399247,-38.6503067208649,221.852431388955,18.4614355583889,36,92,365.16066424065,139263.54434211
"342","IUU_40_legal",2025,0.9,-151773.358676937,2206268.33079541,11970422.2946447,-40.5311401314289,224.100059981273,16.6041814210689,36,94,371.307383304174,145337.27253362
"343","IUU_40_legal",2030,0.05,23476.6198424133,260571.522769309,66386775.4113417,6.26944133634523,26.4673580574677,92.0851441793176,0,-15,11.6583167161798,-7754.94198662983
"344","IUU_40_legal",2030,0.1,35432.7789765132,327943.905851709,67939840.0117645,9.46233872968406,33.3106576140561,94.2394012096312,0,-15,19.6046643059362,-7310.89544682982
"345","IUU_40_legal",2030,0.15,45118.5391225133,395154.187509209,69092796.5478499,12.048925105443,40.1374918393264,95.8386680545723,0,-15,28.0152330820955,-6888.92500102983
"346","IUU_40_legal",2030,0.2,52891.6278000133,461574.786214709,69922502.2517317,14.1247317502204,46.8841146077945,96.9895534364115,0,-15,36.6679359951762,-6484.78310772983
"347","IUU_40_legal",2030,0.25,66999.0877984132,715291.158544009,70726515.7655397,17.8921349564102,72.6551658727731,98.1048011628206,3,-15,73.2831831387158,-4231.80579697163
"348","IUU_40_legal",2030,0.3,66261.1942969133,652053.058194409,70916865.9741967,17.6950801822912,66.231803000888,98.3688360748966,3,-15,63.2839434892136,-5329.34296487161
"349","IUU_40_legal",2030,0.35,67544.3979023133,773519.821030709,70519609.3358887,18.0377602521072,78.5696988304185,97.8178011046315,3,-15,82.6156594935087,-3218.07272767162
"350","IUU_40_legal",2030,0.4,67333.3179412133,707077.093052809,70806171.6863768,17.9813912585179,71.8208282976131,98.2152919482153,3,-15,71.8674480128428,-4373.93669737162
"351","IUU_40_legal",2030,0.45,44512.5946902133,1144485.42719601,65514183.6805947,11.8871073865,116.250253562699,90.8747715586015,4,-2,151.85451887654,3116.67482183778
"352","IUU_40_legal",2030,0.5,45093.5296577133,1142738.85932761,65600081.8891547,12.0422463172073,116.072847234281,90.9939210258106,4,-2,151.163908070205,3076.90395113776
"353","IUU_40_legal",2030,0.55,34330.1128272132,1234611.60252551,63674500.9691947,9.16787126447764,125.404752594075,88.3229463392894,5,-1,170.569106130553,4482.60148024923
"354","IUU_40_legal",2030,0.6,19538.8324115432,1339273.37279801,61120707.6926867,5.21785352436235,136.035693839267,84.7805778387216,5,19,193.908858345183,7265.72635411922
"355","IUU_40_legal",2030,0.65,-30542.8013873367,1605743.54956041,52978191.1065647,-8.15646813003331,163.102203276107,73.4860871940166,33,60,259.729351916792,30382.8435051861
"356","IUU_40_legal",2030,0.7,-48662.8146108367,1686952.04707431,50118709.5840507,-12.9954253854256,171.350895835317,69.5196983063615,35,68,281.510277111305,48662.8146108367
"357","IUU_40_legal",2030,0.75,-45017.1436539968,1668697.61460001,50727135.2373649,-12.0218474023536,169.496715473249,70.3636459700443,35,67,276.720073366381,45017.1436539968
"358","IUU_40_legal",2030,0.8,-75744.1639711967,1803131.14585721,45830046.9969247,-20.2275112761343,183.151701132845,63.5708913305,35,77,313.584753033642,75744.1639711967
"359","IUU_40_legal",2030,0.85,-116046.261069897,1948572.90835111,39786693.6786447,-30.9902034860029,197.924839668952,55.1881515725859,39,92,356.83828984768,122753.096564762
"360","IUU_40_legal",2030,0.9,-136442.777934857,2019014.61231551,36754723.1104047,-36.4371020092572,205.079903204634,50.9825030048723,43,99,378.221662337093,153071.025114465
"361","IUU_60",2015,0.05,2565.21428369603,112400.208048131,3753855.48621221,0.600933020612538,10.0910631115079,3.94290584118838,12,57,13.6058385341348,3381.11239024531
"362","IUU_60",2015,0.1,15165.5025109469,210624.39527385,11546129.0890913,3.55270563201428,18.9094317745523,12.1276111975291,10,26,22.5170148817647,5613.49109825998
"363","IUU_60",2015,0.15,25194.8372809469,302083.92913385,17783645.3965843,5.90220075075604,27.1204835542354,18.6792591162235,10,25,30.9113648608987,7922.34163825998
"364","IUU_60",2015,0.2,33523.4977909469,396786.78055385,23129275.682684,7.8532919908685,35.6227138179887,24.2941041621536,10,26,39.8299921174808,10528.76213826
"365","IUU_60",2015,0.25,39306.8421509469,498650.50745385,27423208.8971313,9.20811159310844,44.7678329843264,28.8042869369307,10,27,50.0255059660094,13576.87281826
"366","IUU_60",2015,0.3,45081.9416409469,855742.51175385,35579639.6404983,10.5609997330666,76.8268301568507,37.3714889881,11,36,88.4678948516517,25356.0460243567
"367","IUU_60",2015,0.35,44301.8217709469,864446.21215385,35448638.3973413,10.3782470511957,77.6082307571276,37.2338903062264,11,37,89.5210675233482,25705.1391443567
"368","IUU_60",2015,0.4,44195.1546109469,860788.29235385,35312804.5134333,10.3532589560232,77.2798301233598,37.0912156038413,11,37,89.2626073903675,25590.7905243567
"369","IUU_60",2015,0.45,32560.0963409469,1201682.29535385,34977374.4022773,7.62760334291007,107.884603533873,36.7388926789324,13,54,130.642271315265,38675.3319490398
"370","IUU_60",2015,0.5,-814.627873053076,1577486.87245385,25004598.8729282,-0.190836606337469,141.623577606641,26.2638717219567,15,66,183.245091685346,57381.0322570335
"371","IUU_60",2015,0.55,-10142.1278600531,1664816.49665385,21825675.7982263,-2.37591828843196,149.463854458523,22.9248528369814,16,68,196.036472021219,62230.5588655776
"372","IUU_60",2015,0.6,-21367.9498710531,1751845.55235385,18143283.8658403,-5.00570527067548,157.27714687901,19.0570095720825,17,70,209.215360039897,67542.8019157108
"373","IUU_60",2015,0.65,-58995.4783870531,2026270.66065385,5062933.51128228,-13.8204169744965,181.914477497223,5.31791119517135,21,76,252.325582756609,87358.3401063505
"374","IUU_60",2015,0.7,-138090.946220053,2433217.75635385,-20631221.3040497,-32.3495038830422,218.449363838315,-21.6702436440008,34,86,322.2349983842,143623.691856077
"375","IUU_60",2015,0.75,-121988.918864053,2356931.45695385,-15514337.8222067,-28.5774057785965,211.600534328505,-16.2956654687507,32,84,308.787229612049,130011.537371131
"376","IUU_60",2015,0.8,-145739.825402053,2454842.33765385,-22517450.6156907,-34.1413479797923,220.390774965996,-23.651466575466,34,88,326.485382260121,147798.616256077
"377","IUU_60",2015,0.85,-199630.212779053,2672485.33495385,-38577394.3125397,-46.7658345477448,239.930322620495,-40.5202155307854,38,95,366.466967255277,192182.389845648
"378","IUU_60",2015,0.9,-276265.721891053,2906269.84795385,-58654612.8965267,-64.718645846807,260.919022874198,-61.6085559638096,50,NA,413.050762569187,276265.721891053
"379","IUU_60",2020,0.05,3653.85956094693,102952.30614385,2453175.23514327,0.855961576703131,9.24284960689765,2.57672118695895,7,27,12.1638411428235,2310.22377166152
"380","IUU_60",2020,0.1,15942.3506809469,191423.58588385,7518269.30840528,3.73469187788953,17.1856219817488,7.89690175357558,6,18,20.6864275008139,3923.76006435673
"381","IUU_60",2020,0.15,27713.6603409469,279423.17516385,12166745.2366072,6.49226605619845,25.0860469420923,12.7794825980569,6,17,29.086693182195,5588.13072435671
"382","IUU_60",2020,0.2,36631.3714409469,368907.51225385,15706660.3962039,8.58134964751218,33.1197695547762,16.4976737248466,6,17,38.0444231012412,7470.68737435673
"383","IUU_60",2020,0.25,52565.8071309469,712326.42635385,22982861.3810891,12.3141873413485,63.9512243718765,24.1403161947924,7,22,75.5262395895368,15137.9273916615
"384","IUU_60",2020,0.3,51080.5184409469,718594.59825385,22644025.3817563,11.9662401836252,64.5139681544289,23.7844158555595,7,22,76.3959813555121,15391.0290016615
"385","IUU_60",2020,0.35,52448.3176709469,709322.05185385,22974238.0903943,12.2866639891917,63.6814977119657,24.1312586209525,7,22,75.0281011045856,15054.0645816615
"386","IUU_60",2020,0.4,52638.2084409469,712066.67605385,23026235.8092983,12.3311482393878,63.9279045158367,24.1858750307605,7,22,75.1783835175254,15127.1296216615
"387","IUU_60",2020,0.45,26757.7833109469,1313739.78475385,17666583.7324817,6.26834009624144,117.944898059025,18.5563020336015,10,48,155.409330873979,33486.7720830335
"388","IUU_60",2020,0.5,17768.3980609469,1392623.90525385,15351431.9031883,4.16246595306892,125.026954687607,16.1245553389065,10,52,167.697943222926,37017.0264730335
"389","IUU_60",2020,0.55,14938.8172209469,1447518.93055385,14398685.2017933,3.49960181261255,129.955318917795,15.1238267418945,11,53,175.460798476332,38878.7239345775
"390","IUU_60",2020,0.6,7660.53398094693,1522362.58055385,12001323.8639063,1.79457437685971,136.674630285281,12.6057303321331,11,56,187.040872433303,42586.0742945776
"391","IUU_60",2020,0.65,-63243.7203870531,1996696.40605385,-7695481.19932872,-14.8156199536702,179.25936079569,-8.08303832767026,24,70,267.928799067798,75981.7462097159
"392","IUU_60",2020,0.7,-84189.0359290531,2091170.33015385,-12818844.8376267,-19.7223179306522,187.741038428143,-13.4644230107447,26,74,285.515460105923,89335.8526308378
"393","IUU_60",2020,0.75,-93458.1182200531,2151114.51935385,-15721171.5631367,-21.8937145484082,193.122706370664,-16.5129156980851,26,75,296.271366960702,96661.6430658377
"394","IUU_60",2020,0.8,-115387.511699053,2243476.08025385,-20955687.2944797,-27.0309448949307,201.414740311742,-22.0110502769765,28,79,314.268182989468,112316.416048462
"395","IUU_60",2020,0.85,-193766.971455053,2527899.42875385,-38782634.0031967,-45.3922980982537,226.949692692532,-40.7357914308454,36,94,372.026002215624,178960.380871141
"396","IUU_60",2020,0.9,-219717.687329053,2600552.43305385,-44019882.8933767,-51.4715727133753,233.472332324285,-46.2367968149618,40,100,388.394474770535,207917.52170322
"397","IUU_60",2025,0.05,4997.33962094691,94248.0585638504,2078919.40363029,1.17068831735782,8.46139988190819,2.1836172143656,5,15,11.8831496670262,1474.4853730335
"398","IUU_60",2025,0.1,18322.8883409469,175137.74536385,6024383.48093578,4.29236212625746,15.7235121924066,6.32778137138912,4,11,20.1475769909775,2693.39682006164
"399","IUU_60",2025,0.15,30625.6881209469,257464.96336385,9535508.96198028,7.17444440717101,23.1146831435949,10.0157329239208,4,11,28.5699988459442,3908.99716006164
"400","IUU_60",2025,0.2,40216.9573309469,335905.09225385,12289716.960306,9.42131727643043,30.1568791043432,12.9086473806261,4,11,36.8610480379694,5116.08854006164
"401","IUU_60",2025,0.25,59177.2007409469,649789.42825385,18397115.9164403,13.8629876726765,58.3367792957506,19.3236250234944,4,14,73.5314518877949,10349.2978400616
"402","IUU_60",2025,0.3,56754.4264609469,573627.38925385,17436555.3660313,13.2954229761924,51.4991056330736,18.3146890591416,4,13,64.2316752775153,9034.34646006164
"403","IUU_60",2025,0.35,59311.1322209469,734132.14195385,18894042.1715783,13.8943627703996,65.9088973702839,19.8455773046145,5,14,84.5670826537664,11003.6278530335
"404","IUU_60",2025,0.4,60107.0328909469,651300.24355385,18607983.6088383,14.0808122989128,58.4724172345666,19.5451123607475,4,13,73.4939815313572,10362.9350500616
"405","IUU_60",2025,0.45,36696.9500109469,1190414.20115385,16218355.5501833,8.59671223472682,106.87297685014,17.0351386909178,6,29,151.677181740134,20248.1845845776
"406","IUU_60",2025,0.5,36528.4609009469,1193803.73275385,16160425.3683433,8.55724158681404,107.177282134694,16.9742910495536,6,29,152.044049658787,20340.1110645776
"407","IUU_60",2025,0.55,14807.5965909469,1392084.84655385,12315908.7251233,3.46886176486926,124.978559088907,12.9361582059279,7,46,185.457255678117,25570.6771937108
"408","IUU_60",2025,0.6,17198.2492909469,1379014.41345385,12753406.5871633,4.02890158586099,123.805122067773,13.3956891820352,7,44,183.030851249672,25116.8230437108
"409","IUU_60",2025,0.65,-47551.9382780531,1796255.04195385,292591.932473287,-11.1396268479525,161.264140943217,0.307327344878055,30,64,260.478845005051,52293.8964500309
"410","IUU_60",2025,0.7,-59537.3963810531,1849965.00145385,-1852509.51694672,-13.9473679349401,166.086112365182,-1.94580495228296,30,68,271.827087619569,61620.4763490309
"411","IUU_60",2025,0.75,-91621.8696590531,1999704.48025385,-7741088.27061673,-21.4635507210155,179.529419607176,-8.13094224630577,32,76,302.81378452043,89627.8354590241
"412","IUU_60",2025,0.8,-97905.3354130531,2028564.84755385,-8933828.67341173,-22.9355299156838,182.120444952262,-9.38375102343511,34,77,308.868367343446,97032.7572533707
"413","IUU_60",2025,0.85,-164485.128822053,2277601.27445385,-20524242.8195567,-38.532666037732,204.478431156667,-21.5578775465476,40,92,365.035970140251,164485.128822053
"414","IUU_60",2025,0.9,-171972.558924053,2303561.06275385,-21887337.278957,-40.2866887002509,206.809048391686,-22.989619691604,40,94,371.218991517902,171972.558924053
"415","IUU_60",2030,0.05,5358.12167094689,84292.4701038504,1653565.38007328,1.25520595335698,7.5676073061948,1.73684166048081,5,12,11.4967326454969,1081.40420189526
"416","IUU_60",2030,0.1,19222.7675709469,158295.84979385,4688005.89119728,4.50316991229989,14.2114809064723,4.92410160162525,4,9,19.3961764282844,2042.50499769262
"417","IUU_60",2030,0.15,30596.7805109469,232521.12540385,7192734.03107968,7.16767244371112,20.8752758731938,7.55497198265221,4,9,27.6835727019862,2960.12515769262
"418","IUU_60",2030,0.2,39853.6544109469,306159.61520385,9266153.61077128,9.33620909560493,27.4863903979083,9.73281239287257,4,9,36.2237215342141,3920.46705769261
"419","IUU_60",2030,0.25,57775.9562209469,589008.53686385,14101099.0112533,13.5347288962568,52.87999392461,14.8112536198745,4,11,72.4306937730602,7998.54408769263
"420","IUU_60",2030,0.3,56438.3738409469,518292.14779385,13413484.898941,13.2213837597354,46.5312196873084,14.0890101265173,4,10,62.5495824032013,6919.21951769263
"421","IUU_60",2030,0.35,58857.6030909469,654151.00656385,14694825.2423433,13.788117989307,58.7283529659092,15.4348808834252,4,11,81.6377829583803,8997.42570769263
"422","IUU_60",2030,0.4,58083.1155609469,579792.16496385,14083237.6542203,13.6066847524084,52.0525667150252,14.7924927354356,4,11,71.0589567623581,7851.53562769262
"423","IUU_60",2030,0.45,35802.7661409469,1071020.24636385,13656825.4629333,8.38723865686731,96.1540293157858,14.3446057227483,5,21,150.647730363338,15625.7325218953
"424","IUU_60",2030,0.5,36495.2191809469,1069008.76846385,13743410.1522923,8.54945430473904,95.9734429023905,14.4355509599012,5,20,150.198305836624,15574.9784918953
"425","IUU_60",2030,0.55,25050.8149669469,1172575.87286385,12580937.0002693,5.86846175096265,105.271487851996,13.2145337422242,6,28,169.660297955766,16973.2737803505
"426","IUU_60",2030,0.6,9131.1970079469,1290749.99936385,10778198.4902493,2.13909529300123,115.880921672156,11.3210063468834,6,44,193.159959673373,20102.6385803505
"427","IUU_60",2030,0.65,-45810.1169160531,1592750.94096385,3985620.81193428,-10.7315837542091,142.99395477362,4.1863432510543,33,65,259.268620328452,45444.4542748039
"428","IUU_60",2030,0.7,-65966.2614590531,1685061.09236385,1403675.46864128,-15.4534087109436,151.281373273872,1.4743668808687,33,72,280.927804764735,64706.0599598039
"429","IUU_60",2030,0.75,-61940.0469950531,1664335.11046385,1935647.47326528,-14.510218414966,149.420636581006,2.03312987323341,33,71,276.109760872715,60794.820710804
"430","IUU_60",2030,0.8,-96096.4481760531,1817328.25696385,-2540073.23037691,-22.5117758152226,163.156051521685,-2.66799550858714,35,79,312.833243521143,96096.4481760531
"431","IUU_60",2030,0.85,-141189.059735053,1983480.72566385,-8395548.13742472,-33.0752751079268,178.072883766929,-8.81836179166084,39,93,355.985129771997,149312.934248324
"432","IUU_60",2030,0.9,-164035.580246053,2064084.37036385,-11369830.4913526,-38.4273537504097,185.309315796815,-11.9424339115706,43,NA,377.297880838981,183527.134680008
"433","IUU_60_legal",2015,0.05,28642.940358344,483688.587856602,82653958.034836,6.70996133857645,43.4245821349998,86.8165477147169,8,29,12.6742066893895,25857.7585761221
"434","IUU_60_legal",2015,0.1,36958.6833169469,576098.25363385,80860079.1869883,8.65802648327485,51.7209348345629,84.9323261687511,8,31,21.4325126838778,28963.834162543
"435","IUU_60_legal",2015,0.15,42999.6803869469,661976.61179385,78822182.1171802,10.0732044042227,59.4309199596274,82.791797240613,8,33,29.7962401822177,31809.418802543
"436","IUU_60_legal",2015,0.2,47308.5860129469,750343.56935385,76328623.2284503,11.082618584482,67.3643265003703,80.1726586126524,9,35,38.702713227959,33898.693465153
"437","IUU_60_legal",2015,0.25,49093.3687189469,844514.04315385,73169277.2613883,11.5007259018591,75.8187609792593,76.8542027707539,9,39,48.9232541177931,37333.085459153
"438","IUU_60_legal",2015,0.3,42112.4244299469,1170503.68905385,59772814.0748856,9.86535377525757,105.085451384907,62.7830715981937,11,55,87.4642528785394,48455.7309353567
"439","IUU_60_legal",2015,0.35,41237.5797279469,1178237.55415385,59371831.2796705,9.66041063554361,105.779782135492,62.3618946479151,11,56,88.5538067815976,48765.1901473567
"440","IUU_60_legal",2015,0.4,41247.7879219469,1174889.89905385,59477654.8900599,9.66280203063852,105.479236438324,62.4730477098996,11,55,88.2273124486395,48625.2234833567
"441","IUU_60_legal",2015,0.45,18380.9426499469,1481045.39355385,43927480.2237333,4.30596206271839,132.965256887783,46.1397405944395,12,70,130.029164766577,62124.3701426615
"442","IUU_60_legal",2015,0.5,-26618.4807020531,1812091.96435385,23689961.7026543,-6.23570674546299,162.685947772631,24.8830272550466,15,80,183.135608395793,79037.2187060335
"443","IUU_60_legal",2015,0.55,-38532.9138060531,1888569.64635385,18688086.5319252,-9.0268093522038,169.551959224793,19.6292493991859,16,80,196.042657237556,83575.7964315776
"444","IUU_60_legal",2015,0.6,-51854.1108800531,1964515.61875385,13539115.8976463,-12.1474637344645,176.370234865574,14.2209681095694,17,82,209.349401678134,88494.1591947108
"445","IUU_60_legal",2015,0.65,-95918.1530830531,2203216.09485385,-3238128.51131672,-22.4700079950924,197.800280333467,-3.40120600504852,22,86,252.604885402466,107131.019624401
"446","IUU_60_legal",2015,0.7,-177024.856569053,2554885.07285385,-30331706.0696487,-41.4702516112093,229.372409184313,-31.8592608251692,42,96,322.588043486445,175974.964515024
"447","IUU_60_legal",2015,0.75,-160969.971610053,2489066.79705385,-25169179.5870367,-37.7091971935263,223.463377639602,-26.4367409923346,42,94,309.292660867282,161991.146832024
"448","IUU_60_legal",2015,0.8,-183560.450762053,2573418.32395385,-31981367.1000027,-43.0012949961068,231.036286945388,-33.5920015064379,44,98,326.884357331472,182949.355142371
"449","IUU_60_legal",2015,0.85,-234511.910455053,2760830.22565385,-47386390.6475787,-54.9373015794697,247.861748043224,-49.772847453353,46,NA,366.986756912161,230817.166794586
"450","IUU_60_legal",2015,0.9,-301303.997044253,2961147.73265385,-64993210.7637367,-70.5841699920497,265.845848256022,-68.2663760763214,56,NA,413.506431641284,313115.654943247
"451","IUU_60_legal",2020,0.05,29778.7331579469,480643.69371385,83120404.1159053,6.97603478210645,43.1512177035994,87.3064847899193,3,21,11.9332312305885,24733.469669543
"452","IUU_60_legal",2020,0.1,38376.1207599469,568790.67407385,81473808.2040833,8.99007865122241,51.0648751366952,85.5769635916084,3,23,20.7157548919398,26755.972009543
"453","IUU_60_legal",2020,0.15,46235.3002899469,655980.48275385,79675823.4300273,10.831188193032,58.892599634264,83.688429338217,4,23,29.3685309689855,27676.842988153
"454","IUU_60_legal",2020,0.2,51270.3347199469,743633.32696385,77388766.1013813,12.0107069833876,66.7618945242479,81.2861920295692,4,25,38.5645293113417,30031.782478153
"455","IUU_60_legal",2020,0.25,53591.4586699469,1075204.69671385,66045180.2573723,12.5544588388778,96.5297007963113,69.3713244890779,6,35,76.9713402565163,37764.7701853567
"456","IUU_60_legal",2020,0.3,52050.4855799469,1080908.26701385,65639365.8991963,12.1934669250475,97.0417557903162,68.9450726503571,6,35,77.8941425955925,37947.2465453567
"457","IUU_60_legal",2020,0.35,53626.0986299469,1072353.37850385,66164881.8658443,12.5625736758834,96.2737152202368,69.4970544680229,6,34,76.4709555584593,37667.7742253567
"458","IUU_60_legal",2020,0.4,53677.2928199469,1074982.09144385,66078840.3803533,12.5745665450289,96.5097157458606,69.406679791381,6,34,76.6513482976841,37756.1102153567
"459","IUU_60_legal",2020,0.45,8313.9847929469,1643110.67737385,38747768.8385203,1.9476532727526,147.515149949474,40.6991703989592,9,62,158.731463703123,58360.0689080616
"460","IUU_60_legal",2020,0.5,-2580.9163430531,1716424.73372385,34552173.7465323,-0.604611421290118,154.0971374959,36.2922782167156,10,65,171.318200928177,61493.4705370335
"461","IUU_60_legal",2020,0.55,-7279.71291805309,1767951.08285385,31835479.1090024,-1.70536235543437,158.723068799815,33.4387663555411,10,66,179.261139445353,64209.5176620335
"462","IUU_60_legal",2020,0.6,-16640.8633980531,1837424.69421385,27739266.6525063,-3.89832707971061,164.960268970458,29.1362618822631,11,66,191.12367580116,67728.9816535776
"463","IUU_60_legal",2020,0.65,-96454.9837090531,2275111.88121385,-201855.15885672,-22.5957671769626,204.25493847164,-0.212020917654787,26,78,273.413316782563,103600.719555838
"464","IUU_60_legal",2020,0.7,-117919.887999053,2361589.03431385,-6297945.49602672,-27.624185213667,212.018682194089,-6.61512042085203,28,82,291.32418481005,118302.686674462
"465","IUU_60_legal",2020,0.75,-128268.178282053,2416670.06541385,-10026977.5102467,-30.048399587282,216.963745648411,-10.5319526390477,28,82,302.235519421708,126429.493297462
"466","IUU_60_legal",2020,0.8,-150414.966036053,2501075.16651385,-16095329.6285967,-35.2365572185815,224.541464737406,-16.9059169809657,32,86,320.522795147946,146172.943324994
"467","IUU_60_legal",2020,0.85,-227462.171979053,2760124.08771385,-35651166.7850867,-53.285813567791,247.798352408627,-37.4466183576874,40,100,378.983082769867,217924.29758322
"468","IUU_60_legal",2020,0.9,-251870.895700053,2825831.06951385,-40973696.1230867,-59.0038575410311,253.697392203345,-43.0371990536621,44,NA,395.470230984387,247442.693539099
"469","IUU_60_legal",2025,0.05,31936.8776649469,475202.20109385,84767987.6221143,7.48160669699586,42.6626915130988,89.0370433194999,0,11,11.1926882878749,17734.47234926
"470","IUU_60_legal",2025,0.1,42706.1962399469,558004.06672385,84606607.3819165,10.0044521303563,50.0964753675302,88.8675357041786,0,12,19.8077205235748,18385.68429926
"471","IUU_60_legal",2025,0.15,52197.0537899469,641621.85698385,84170621.2144888,12.2278023323157,57.6035112833105,88.4095925541181,0,12,28.5455478401421,19026.76141926
"472","IUU_60_legal",2025,0.2,59120.5755799469,720774.69607385,83413901.8109683,13.8497225317257,64.7096929228516,87.6147635130854,0,13,37.1165728494586,19614.62695926
"473","IUU_60_legal",2025,0.25,68203.6671379469,1033855.60002385,77648494.2910678,15.9775485309575,92.81746261145,81.5590005593588,2,17,74.8342436750609,22088.6129666615
"474","IUU_60_legal",2025,0.3,68052.8076799469,958234.72628385,79360990.3750693,15.9422078460252,86.0283736701648,83.3577407712349,2,15,65.2635360939778,20682.4854846615
"475","IUU_60_legal",2025,0.35,66057.0980859469,1117247.86587385,75457722.5720363,15.4746883088815,100.3042514023,79.257897962467,2,19,86.200377752921,23578.3760266615
"476","IUU_60_legal",2025,0.4,69013.4942199469,1035500.74478385,77711745.5178785,16.1672604928989,92.9651603772194,81.6254372222965,2,17,74.8500010725068,22144.5966636615
"477","IUU_60_legal",2025,0.45,33549.1948999469,1565340.35269385,60391576.9864633,7.85931185495179,140.533087654604,63.4329964307642,5,40,154.749061500585,32243.5067240335
"478","IUU_60_legal",2025,0.5,33394.8641369469,1568659.54095385,60250693.0794153,7.82315797409573,140.831077656512,63.2850173777428,5,40,155.062635382321,32356.7553370335
"479","IUU_60_legal",2025,0.55,8905.89176594693,1761812.56797385,52175195.9106179,2.08631476683022,158.171965362013,54.8028248494736,7,51,189.053307863272,38191.0064987108
"480","IUU_60_legal",2025,0.6,11456.0159069469,1749269.85564385,52824146.8595324,2.68371273577497,157.045906043179,55.4844580387421,6,50,186.653238241614,38065.7850285775
"481","IUU_60_legal",2025,0.65,-57186.0699820531,2152618.89391385,33345478.6835333,-13.3965407840164,193.257766072883,35.0248119996736,24,66,265.14154359051,64662.541237077
"482","IUU_60_legal",2025,0.7,-69541.3381750531,2204082.15822385,30519852.5457933,-16.2909144364973,197.878033749381,32.0568826682353,26,70,276.625973679923,73952.4103651269
"483","IUU_60_legal",2025,0.75,-102874.188372053,2347705.08108385,22677102.9150533,-24.0995448818445,210.772208982748,23.819159228001,28,76,308.036929695087,100034.367027648
"484","IUU_60_legal",2025,0.8,-109399.313933053,2375306.14155385,21139633.4789333,-25.6281358608399,213.250176310247,22.204260294733,28,78,314.171367467482,104940.693054648
"485","IUU_60_legal",2025,0.85,-178098.609030053,2612391.56106385,7002066.39039329,-41.7217913417808,234.535225267356,7.35470200503872,36,92,370.917227786038,172066.944944586
"486","IUU_60_legal",2025,0.9,-186215.007346053,2636775.61755385,5432576.19781828,-43.6231575502602,236.724376490722,5.70616969719642,36,94,377.17148855763,179063.637983586
"487","IUU_60_legal",2030,0.05,33792.1605319469,467014.76513385,86089653.3665543,7.91622954485816,41.9276400890088,90.425270331166,0,-1,10.5937763973455,-2649.50834596649
"488","IUU_60_legal",2030,0.1,46878.0712989469,543823.87512385,87066621.2313563,10.9817652136169,48.823406475099,91.4514399093317,0,-1,18.883779414894,-2065.59700896649
"489","IUU_60_legal",2030,0.15,57267.0026509469,620335.70924385,87646419.0050437,13.4155002578871,55.6924840354495,92.0604372553874,0,-1,27.5312421914167,-1510.71348796648
"490","IUU_60_legal",2030,0.2,65435.7438629469,695923.92970385,87906759.8290456,15.3291284340317,62.4786414313666,92.3338892727672,0,-1,36.3739307784789,-979.275580966496
"491","IUU_60_legal",2030,0.25,78884.1371869469,984458.48455385,86517200.9585033,18.4795801034855,88.3826895946531,90.8743499251657,2,3,73.7388146821497,259.363128710771
"492","IUU_60_legal",2030,0.3,78673.2270109469,912596.58289385,87254060.0762083,18.4301717987106,81.9310735562422,91.648318483626,0,2,63.5189828648435,464.315216033516
"493","IUU_60_legal",2030,0.35,78930.6466539469,1050643.33805385,85805845.1122433,18.490475518605,94.3246317430912,90.1271690249728,2,4,83.2149745512788,1368.69017471076
"494","IUU_60_legal",2030,0.4,79330.9486999469,975125.60382385,86668798.5380633,18.5842512001101,87.5448024581961,91.0335822089211,2,3,72.2585337696481,108.106180710776
"495","IUU_60_legal",2030,0.45,49615.1096349469,1471775.00973385,77541248.1418503,11.6229501334259,132.132980597374,81.446353317144,4,11,153.207896333476,7639.55207269263
"496","IUU_60_legal",2030,0.5,50304.2302369469,1469843.07526385,77644460.1700683,11.7843851166779,131.959535432079,81.5547632733707,4,11,152.359449394311,7588.12977069261
"497","IUU_60_legal",2030,0.55,37480.7705179469,1574047.35588385,74906045.1755533,8.78033183636529,141.314784772681,78.6784371822015,4,16,172.064413143474,10168.7286156926
"498","IUU_60_legal",2030,0.6,20336.2336209469,1692808.28797385,71425592.7998833,4.76401303992038,151.976900810656,75.022703483232,5,28,195.443087899325,12785.8194438953
"499","IUU_60_legal",2030,0.65,-37332.1949320531,1994588.05097385,60914119.5151033,-8.74552617658555,179.070076945213,63.9818550631787,28,58,261.491119492446,36082.502534771
"500","IUU_60_legal",2030,0.7,-58259.2331810531,2086364.83322385,57330845.0844233,-13.6479424727112,187.309610643045,60.2181210208847,30,66,283.270760725906,55395.2602002195
"501","IUU_60_legal",2030,0.75,-54159.9224640531,2065621.92864385,58101416.3709233,-12.6876284797426,185.447354666231,61.027499548575,30,65,278.666430310174,51622.3805022195
"502","IUU_60_legal",2030,0.8,-89581.2442690531,2217551.21525385,51992736.6604133,-20.9855091058002,199.087258419891,54.6111766504279,32,74,315.583933131113,85599.5649827306
"503","IUU_60_legal",2030,0.85,-136841.688926053,2381025.99706385,44625583.9589133,-32.0568499850903,213.763693357434,46.8730019853766,36,88,359.589539391542,136829.278702902
"504","IUU_60_legal",2030,0.9,-160988.223734153,2460045.85805385,40946285.7057533,-37.7134729782581,220.857936492386,43.0084082024931,40,96,381.371124359131,170774.481844633
