"","Adjusted","Implementation_year","Reserve_size","C_change","B_change","PV_change","C_per","B_per","PV_per","X","Transition_period","Payoff_period","B_per_50","Loss"
"1","IUU",2015,0.05,1016.32768293074,71488.8125604861,2071950.37412982,0.349755801062032,9.98798018438737,3.1137170547032,1,13,NA,14.7998378532804,2446.8089032157
"2","IUU",2015,0.1,8761.02438331652,136218.701247234,6703788.17343049,3.01499127965765,19.0316448136442,10.0744206170935,2,11,30,25.7713083730608,4109.00495842878
"3","IUU",2015,0.15,15535.6414144334,201513.873783554,10787216.8361944,5.34638660264446,28.1542874491912,16.2109775673301,3,10,28,36.7025794105113,6087.90575461886
"4","IUU",2015,0.2,23659.0391658682,332642.797273683,16349305.9473026,8.14194706568877,46.4748196067413,24.5696583259415,4,11,31,60.624546256414,10280.1474755227
"5","IUU",2015,0.25,26356.702857696,468851.086427943,19597458.8552945,9.07031253420615,65.5050097063599,29.4509668901709,5,12,36,87.6869208925626,15078.5140504784
"6","IUU",2015,0.3,26104.7070167025,418457.018520065,18684147.627864,8.98359148083798,58.464258382526,28.078447171258,6,11,34,77.3646592583794,13406.3691974812
"7","IUU",2015,0.35,18274.992961221,735293.133569388,19092411.1927065,6.28909839799217,102.73066490779,28.6919836924682,7,14,NA,146.92032163494,26542.3700504695
"8","IUU",2015,0.4,4495.54779029195,926308.698624459,14620549.0362275,1.54708362766633,129.418192792876,21.971690756515,8,16,NA,193.572660854389,36611.0427598852
"9","IUU",2015,0.45,2068.76938834344,958893.273826995,13535967.6051627,0.711939767837629,133.970710589478,20.3417869995105,9,16,NA,201.766096024889,38683.9621630646
"10","IUU",2015,0.5,-60348.3755866216,1396663.09892179,-8228041.45489067,-20.7680995023428,195.133236329713,-12.3650611157411,10,26,NA,318.914799328518,76330.8399081437
"11","IUU",2020,0.05,2048.74662474409,72346.3161443868,1330479.06177638,0.652073495664428,9.48856014025919,2.0018624270117,11,8,43,14.5271617103617,1681.84387319848
"12","IUU",2020,0.1,11210.9805440417,135929.037539384,4587337.95568386,3.56822224128976,17.8277335493615,6.90219016391534,12,6,19,24.9666260456918,2900.87723363009
"13","IUU",2020,0.15,19101.774925296,201210.80319591,7318674.94717462,6.07969819132159,26.3897446164904,11.0118083126386,13,6,19,35.9951802402199,4257.82845355161
"14","IUU",2020,0.2,25319.0944589472,272430.540778867,9509919.39905424,8.05854185749583,35.7305486718162,14.3087936336695,14,6,19,48.6625032975617,5843.92125171468
"15","IUU",2020,0.25,35717.2748330502,469308.398382379,13068473.769546,11.3680666875551,61.5520070640864,19.6630577430607,15,7,24,86.0593496981274,10485.3037351814
"16","IUU",2020,0.3,34558.6580793706,487425.877614136,12818455.5425664,10.9993030407563,63.9281998053634,19.2868758781689,16,7,25,90.2642520711636,11027.2289611661
"17","IUU",2020,0.35,34003.6488365814,682531.424787218,12575131.4217839,10.8226551270023,89.5172113364447,18.9207660843553,17,8,35,131.77751054482,16494.1823746729
"18","IUU",2020,0.4,24520.0505973353,942631.304561648,8196148.09016284,7.80422279347024,123.630535735552,12.3320699883952,18,10,NA,193.233493880486,25723.9487637641
"19","IUU",2020,0.45,20937.5823205595,1011276.09303734,6608891.77045486,6.66399755325252,132.633623086498,9.94385593847408,19,12,NA,210.010597501426,28368.0741117747
"20","IUU",2020,0.5,-3383.3596907598,1255256.34508814,-1675803.01764274,-1.0768531130195,164.632782380238,-2.52144298431333,20,16,NA,273.197166839918,42081.6711504888
"21","IUU",2025,0.05,3423.17503937113,73715.4092918813,1221986.34462117,1.01491896999155,9.11761845463326,1.83987159853508,21,5,17,14.4724895617082,1046.7261912903
"22","IUU",2025,0.1,13926.994188637,137864.910037477,3788962.14359895,4.12914047176696,17.0520608930879,5.70481320566101,22,4,12,24.9619114142091,1899.38889838077
"23","IUU",2025,0.15,22984.9517763489,203565.857606579,5926337.21243013,6.81468616528678,25.1783967270383,8.92293074180954,23,4,11,35.9319125494632,2788.69790182603
"24","IUU",2025,0.2,31751.7200706411,275044.323130614,7951347.36102081,9.41389869314871,34.0193349057888,11.9718671522179,24,4,12,48.0156490710561,3788.92899878147
"25","IUU",2025,0.25,41809.7776773911,419663.243264647,10270712.416105,12.3959587248302,51.9067772705483,15.4639961029772,25,4,13,74.8988283613592,5943.70234701257
"26","IUU",2025,0.3,46498.7473794038,555216.599217045,11287907.7812673,13.7861664254456,68.6729295810556,16.9955261980241,26,5,16,101.910434954874,7633.75904387771
"27","IUU",2025,0.35,42130.2854772675,954041.251159257,9097371.6063622,12.4909843786117,118.002249483665,13.6973671707061,27,7,35,190.971477828174,14796.4994958218
"28","IUU",2025,0.4,48150.2439935214,787866.407084562,11014601.6999807,14.2758098772899,97.4486252199506,16.5840256122119,28,6,22,151.644303161598,11371.3270480642
"29","IUU",2025,0.45,39151.7345486238,985353.515807451,8535405.49461163,11.6078896476096,121.875161331476,12.8512484780545,29,7,38,198.58393768823,15634.4428602388
"30","IUU",2025,0.5,-9203.30184334301,1456082.7143356,-1871743.12060838,-2.72863803922892,180.098119989154,-2.81817143253624,30,18,NA,319.050244203449,36644.9912512157
"31","IUU",2030,0.05,4151.86337643408,74143.3848786579,1042679.94680835,1.15259851762884,8.67429369331674,1.57037990265254,31,5,12,14.0251642418143,710.532132830063
"32","IUU",2030,0.1,15608.7385458903,139137.558286877,3026248.83296907,4.33314087649504,16.278189164503,4.55783230728404,32,4,9,24.1995787889186,1351.52434703102
"33","IUU",2030,0.15,25459.9404494097,207021.364462064,4708680.04204684,7.06793238608727,24.2201528710085,7.09174136194505,33,4,9,35.1906080513543,1989.87428429472
"34","IUU",2030,0.2,34374.2774133538,276388.524777793,6222726.9999592,9.54264088170029,32.3356593620429,9.37204695490836,34,4,9,46.6242220245909,2668.38610203922
"35","IUU",2030,0.25,48919.3661194458,484357.631603287,8773900.20951255,13.5805019964416,56.6666919240642,13.214368032178,35,4,11,84.7743777848391,4971.83610563198
"36","IUU",2030,0.3,50606.8968879572,490082.644233399,9000444.00401466,14.0489773015972,57.3364811578955,13.5555655617227,36,4,11,85.3689369369057,5017.59035109135
"37","IUU",2030,0.35,52993.5833683712,703864.853912691,9682675.86830567,14.7115451777426,82.3476089368512,14.5830747335555,37,4,14,129.235973661796,7602.27800480128
"38","IUU",2030,0.4,45948.9898733858,960823.784457444,8624873.48721032,12.755896043018,112.41013217225,12.9899189379205,38,5,24,187.416670747098,10714.4575115029
"39","IUU",2030,0.45,41612.0658058804,1052849.07270921,7950792.52673554,11.5519228391674,123.176492230053,11.9746858394702,39,6,33,209.094096573537,11773.4792141235
"40","IUU",2030,0.5,19079.3649804196,1272013.60590758,5213599.1436248,5.29662125168928,148.817316846204,7.85219984396584,40,8,50,264.213615149315,16250.1440797353
"41","IUU_20",2015,0.05,1151.54031973612,85739.8790704077,2575585.7032177,0.329489522205844,9.90545597921701,3.33245791938107,41,13,NA,14.6213327202041,2968.24618846495
"42","IUU_20",2015,0.1,10364.8065337525,163418.980675134,8218912.1080835,2.96567570759895,18.8796571303393,10.6341554501806,42,11,30,25.4549080000771,4998.89968510382
"43","IUU_20",2015,0.15,18417.8226918349,241799.943647516,13203782.9069354,5.2698802593341,27.9349437338347,17.0839009003018,43,11,28,36.2833569761545,7257.88282281748
"44","IUU_20",2015,0.2,28021.1926295879,399190.80140521,20041212.3191976,8.01768658285154,46.1181769031957,25.9306054633207,44,11,31,59.9905901499959,12501.739570169
"45","IUU_20",2015,0.25,31113.1237272811,562644.644735235,24101678.7728846,8.90237892285207,65.0018616866771,31.184297302449,45,12,37,86.8071699552833,18329.0200739719
"46","IUU_20",2015,0.3,30863.7644196521,502177.479636266,22946407.9456451,8.83102989779398,58.0161410562102,29.6895338346853,46,11,34,76.5784502679393,16284.5682970704
"47","IUU_20",2015,0.35,21133.5357841431,882278.033381782,23797022.0779219,6.04692557324707,101.928837733919,30.7901129371015,47,14,NA,145.48031669477,32193.704870819
"48","IUU_20",2015,0.4,4448.73116943828,1111384.57827592,18643217.8838984,1.27291270858528,128.397323806028,24.1217906289538,48,16,NA,191.685288881944,44340.2720211558
"49","IUU_20",2015,0.45,1480.31031877635,1150452.65467273,17376907.9746079,0.423560279471387,132.910825750945,22.4833576774376,49,16,NA,199.798672626597,46830.4032574088
"50","IUU_20",2015,0.5,-73638.284123938,1675400.15587097,-8234849.04519603,-21.0700768667957,193.557568210765,-10.6547756812314,50,26,NA,315.882547953013,92136.3159320006
"51","IUU_20",2020,0.05,2394.02234324749,86844.8992205975,1631584.16241065,0.63347281472225,9.41792308978931,2.11358665155552,51,8,45,14.4217115302885,2037.31448632598
"52","IUU_20",2020,0.1,13319.1924780811,163237.201911358,5571277.08294369,3.52433901576382,17.7023109795832,7.21714340327317,52,6,20,24.7951168854467,3513.05721457661
"53","IUU_20",2020,0.15,22718.3503265319,241661.683799058,8880248.45110978,6.0114131214299,26.2070791974472,11.5036508818712,53,6,19,35.7551538106377,5158.56612088329
"54","IUU_20",2020,0.2,30107.1240784795,327207.97647022,11544227.9371296,7.96652741649654,35.4841744813866,14.9546230176573,54,6,20,48.3405330186425,7078.24265523661
"55","IUU_20",2020,0.25,42382.6519345399,563631.248524951,15906066.9511099,11.2147064508791,61.123172428657,20.6050362348105,55,7,24,85.4845253657371,12707.4980012176
"56","IUU_20",2020,0.3,40977.3774704218,585369.150148843,15614820.5521766,10.8428623146901,63.4805461773118,20.2277498432893,56,7,25,89.656208834402,13359.5931715991
"57","IUU_20",2020,0.35,40107.6969492421,819568.107638341,15416887.8669042,10.6127395803661,88.8783276145641,19.9713438967642,57,8,36,130.863008744829,19977.2198026588
"58","IUU_20",2020,0.4,28470.9658462463,1131673.06066928,10294210.5489367,7.53359003659817,122.72464985073,13.3353255724105,58,11,NA,191.840246707459,31106.2860158572
"59","IUU_20",2020,0.45,24107.9407134345,1214033.95651126,8426176.53410888,6.37910715577551,131.65630374874,10.915437068125,59,12,NA,208.490175425957,34355.7872446738
"60","IUU_20",2020,0.5,-5231.26021216513,1506702.82060801,-1370487.73866205,-1.38422314248309,163.394873055358,-1.77535713896417,60,16,NA,271.176677673315,50876.2624253386
"61","IUU_20",2025,0.05,4045.46706382895,88509.319246941,1476940.76316115,0.997134167221907,9.05209487476384,1.91458759159539,61,5,17,14.4066640701574,1264.37402727833
"62","IUU_20",2025,0.1,16586.5492027744,165605.53276034,4564977.92257681,4.08828317359722,16.936939602371,5.9176713815968,62,4,12,24.8687444304774,2293.97321983805
"63","IUU_20",2025,0.15,27391.5314064219,244554.003994504,7137783.12306091,6.75151507277973,25.0112198918323,9.25284976877595,63,4,12,35.8024928886491,3368.8774663895
"64","IUU_20",2025,0.2,37844.8079528949,330442.849317053,9576927.63591985,9.32805791429833,33.7953115915377,12.4147611567672,64,4,12,47.8428241940768,4577.17527519442
"65","IUU_20",2025,0.25,49778.3953773862,504138.335970031,12379991.5537041,12.2694705054139,51.5596333361699,16.0484284840552,65,4,14,74.5975674240172,7176.0314985705
"66","IUU_20",2025,0.3,55277.3313748892,666901.550209939,13621901.4071343,13.6248583703906,68.205881098064,17.6583408478852,66,5,16,101.460918418265,9230.4092153087
"67","IUU_20",2025,0.35,49657.8035143683,1145569.98306941,11078377.2777189,12.2397468010784,117.160636423992,14.3611200936287,67,7,36,189.956051841538,17889.0674339063
"68","IUU_20",2025,0.4,57045.6431462116,946177.241178996,13338857.5237725,14.0607151102098,96.768184733164,17.2914254505461,68,6,23,150.894064643955,13750.6655434763
"69","IUU_20",2025,0.45,46086.8671573977,1183143.29006556,10414288.3722654,11.3595758358154,121.003363298197,13.5002484799453,69,7,38,197.523783708572,18895.867610784
"70","IUU_20",2025,0.5,-12159.6634488496,1747889.67520314,-1909900.39541627,-2.99713622567264,178.761550819472,-2.47584174630039,70,20,NA,317.180992099292,45183.6300383717
"71","IUU_20",2030,0.05,4925.59859501541,89043.7321195524,1244177.73188213,1.1368183367307,8.61464137247479,1.61337277069932,71,5,12,13.9910774664391,856.31354079477
"72","IUU_20",2030,0.1,18617.9187542955,167177.596571927,3614515.14046092,4.29697853435809,16.1737946703065,4.68707979371919,72,4,9,24.166558810416,1627.62439086067
"73","IUU_20",2030,0.15,30382.8037229975,248765.936190908,5623933.24742974,7.01229053227091,24.0671552613645,7.29276897755424,73,4,9,35.1414963944169,2396.79238594678
"74","IUU_20",2030,0.2,41021.2412467577,332130.355571844,7431993.68070108,9.46762070542254,32.1323447934827,9.63734997757422,74,4,9,46.5573308695418,3214.07971055896
"75","IUU_20",2030,0.25,58300.6772781866,581935.306875513,10474051.8171763,13.4556800955589,56.3000208030679,13.5821029164078,75,4,11,84.5666064951627,5985.40459081053
"76","IUU_20",2030,0.3,60331.5340333721,588833.258838039,10744901.7753204,13.9243977862178,56.9673713391161,13.9333243988514,76,4,11,85.167791325641,6040.73212067917
"77","IUU_20",2030,0.35,63015.8749642903,845492.240544724,11555124.6584149,14.5439383219392,81.7981486414318,14.9839713476636,77,4,14,128.82493769285,9147.82973929233
"78","IUU_20",2030,0.4,54497.6046961977,1153913.25516789,10293023.4345416,12.5779385249205,111.636705151463,13.3473565005363,78,5,25,186.692796762434,12899.452942413
"79","IUU_20",2030,0.45,49224.5493434285,1264336.55727388,9489295.1932274,11.3609278611425,122.319738355085,12.3051314017019,79,6,33,208.255123251208,14185.7037155758
"80","IUU_20",2030,0.5,22131.1089489348,1527329.75389639,6231449.35316515,5.10781582786597,147.76332678489,8.08055830832138,80,8,50,263.078449111677,19587.5487980813
"81","IUU_20_legal",2015,0.05,8778.49943448894,153523.691494569,29879324.9482417,2.51178663463286,17.7364627096986,38.6597863643726,81,7,24,14.2673052684602,5870.70193399681
"82","IUU_20_legal",2015,0.1,17104.8071912897,230860.56859821,32799345.1334693,4.89418794313048,26.6711269525903,42.4378957003801,82,8,25,25.3195228918947,7946.441091842
"83","IUU_20_legal",2015,0.15,24156.0573350139,308301.928732886,35187021.5543651,6.91175780237952,35.6178620320135,45.5272245422793,83,8,27,36.1813244793337,10538.1735159812
"84","IUU_20_legal",2015,0.2,31836.669704765,463134.86258878,37535765.7514376,9.10940668760267,53.5055804084663,48.5661803768128,84,10,31,60.2681022989234,15486.3140224391
"85","IUU_20_legal",2015,0.25,33104.5136303141,623398.213568668,37624647.560587,9.47217408888348,72.0206702992449,48.6811813602468,85,11,39,87.5256641700296,21621.8780188405
"86","IUU_20_legal",2015,0.3,33487.0519445498,564171.948698644,37852263.9590265,9.58162954104849,65.1783098265679,48.9756860504279,86,10,35,77.1485967152542,19512.0966728645
"87","IUU_20_legal",2015,0.35,19656.7650865159,935298.042289748,31431902.1896749,5.62437808339425,108.054194685079,40.6686103445651,87,13,NA,146.804647118895,35819.2309891384
"88","IUU_20_legal",2015,0.4,499.577805649256,1157960.80479215,23182232.6044235,0.142943889733481,133.778236007405,29.9946588983746,88,15,NA,193.204115452521,48071.6405560522
"89","IUU_20_legal",2015,0.45,-2900.32318679913,1195872.51316019,21476081.9547465,-0.829867686508765,138.158143728387,27.7871317960654,89,16,NA,201.345553445064,50176.9211538046
"90","IUU_20_legal",2015,0.5,-81788.1198436673,1704105.9202184,-8126688.24669708,-23.401984340053,196.87392097655,-10.5148303052829,90,28,NA,317.454124994145,96252.0077140963
"91","IUU_20_legal",2020,0.05,9882.09509279515,154679.002951092,29503350.9577972,2.61486222609524,16.7742143346649,38.2192290150849,91,2,15,13.7183482512939,4692.66301594953
"92","IUU_20_legal",2020,0.1,19814.1317192247,231133.39453917,31551899.8016769,5.24293928452995,25.0653354749423,40.8729600277018,92,3,16,24.1954659270377,5982.7148516426
"93","IUU_20_legal",2020,0.15,28257.323104487,309487.58204896,33072090.9123364,7.47705887290668,33.562480596335,42.842245899266,93,4,17,35.2928786945566,7439.67138183136
"94","IUU_20_legal",2020,0.2,34667.791597601,394762.933428152,33966018.2700439,9.17330767003054,42.8101935645309,44.0002572199442,94,5,19,48.0314791804616,9171.85406215143
"95","IUU_20_legal",2020,0.25,44369.1997433647,629818.068825864,34035556.6722384,11.7403590353615,68.3008234910219,44.0903386524777,95,6,24,85.6006286938423,15150.6567543581
"96","IUU_20_legal",2020,0.3,42810.380535512,651299.861353654,33491035.200383,11.3278860298247,70.6304234061952,43.3849546821537,96,6,26,89.7958158562183,15775.888967006
"97","IUU_20_legal",2020,0.35,39559.6700695629,883227.260156376,29900929.7031031,10.4677283481222,95.7818649294398,38.7342604479588,97,8,38,131.308095584298,22577.6368411314
"98","IUU_20_legal",2020,0.4,25090.2825253864,1191452.39855192,21242027.3074289,6.63904075012634,129.20743941684,27.5173456590955,98,10,NA,192.587890956505,34358.2975161957
"99","IUU_20_legal",2020,0.45,19967.8606637919,1272685.70276767,18538099.5305106,5.28361689453385,138.016811277473,24.0146237108628,99,12,NA,209.294277670896,37678.5505919634
"100","IUU_20_legal",2020,0.5,-11260.5582534535,1560883.70589932,6413182.69992353,-2.97961192896921,169.270536625582,8.3077647238976,100,16,NA,272.055106256373,54783.8961014629
"101","IUU_20_legal",2025,0.05,11808.1975560407,156676.042015031,30013706.2849743,2.91050626557077,16.0236956852604,38.9073624781054,101,-5,8,13.8347717460376,4197.78812839671
"102","IUU_20_legal",2025,0.1,23750.8351465685,234299.021808498,32088902.9090672,5.8541495582671,23.9624142691413,41.5974810026324,102,-5,8,24.3786641096307,4197.78812839671
"103","IUU_20_legal",2025,0.15,33997.7454668276,313702.281318227,33701752.509026,8.37982687254942,32.0832070236558,43.6882499137575,103,-5,8,35.3860158734689,4197.78812839671
"104","IUU_20_legal",2025,0.2,43860.9865743863,400019.067219561,35135067.2981623,10.8109366931756,40.9110653996036,45.5462842903408,104,-5,9,47.4952564273659,4197.78812839671
"105","IUU_20_legal",2025,0.25,54738.1196900373,574236.493613689,36186839.3788421,13.4919524819363,58.7287673769164,46.9097172898783,105,-5,10,74.3949521860592,4197.78812839671
"106","IUU_20_legal",2025,0.3,59329.3195235496,737240.308599578,35960137.0441186,14.6235998666033,75.3996220479822,46.6158385590087,106,-5,12,101.353946708749,4197.78812839671
"107","IUU_20_legal",2025,0.35,52057.3934709113,1215775.63568629,29885262.0823394,12.8312021498032,124.340764275384,38.7408577118269,107,-5,23,190.154177969748,4197.78812839671
"108","IUU_20_legal",2025,0.4,59826.7252732697,1016580.57123305,33448631.8262042,14.7462013512262,103.96852960725,43.3601245545051,108,-5,16,150.966664589747,4197.78812839671
"109","IUU_20_legal",2025,0.45,48287.6428657684,1253225.20166352,28997891.2649628,11.9020270827504,128.17083581055,37.5905413291599,109,-5,26,197.727552593641,4197.78812839671
"110","IUU_20_legal",2025,0.5,-10329.225061386,1816166.44506741,13705001.021588,-2.54596640316837,185.744406453346,17.766064525549,110,-5,NA,317.213363777788,4197.78812839671
"111","IUU_20_legal",2030,0.05,12997.8536172597,157231.482706397,30265995.1442877,2.99987870412248,15.2115460991629,39.2470715337782,111,-10,2,13.6408756590562,4197.78812839671
"112","IUU_20_legal",2030,0.1,26527.0273148055,236002.828597531,32204160.4269342,6.12238502360805,22.8323732941438,41.7603644597063,112,-10,4,23.8474788560623,4197.78812839671
"113","IUU_20_legal",2030,0.15,38143.4069989447,318218.206223488,33789853.7853828,8.80342229788356,30.7863974201686,43.8165935832815,113,-10,5,34.850212744289,4197.78812839671
"114","IUU_20_legal",2030,0.2,48623.7286761627,402189.548608584,35177403.649723,11.2222596488513,38.9103044374717,45.61588247244,114,-10,5,46.2822507238791,4197.78812839671
"115","IUU_20_legal",2030,0.25,65597.3738401895,653574.199847746,37107894.9986437,15.1397431163741,63.2308103891142,48.1192243154963,115,-10,7,84.331375299293,4197.78812839671
"116","IUU_20_legal",2030,0.3,67599.2021933537,660522.68847887,37332670.065756,15.6017611097135,63.9030501550473,48.4106987274859,116,-10,7,84.9482528832468,4197.78812839671
"117","IUU_20_legal",2030,0.35,70180.6211319909,918580.433824954,37146735.6821429,16.1975474547877,88.8691525030617,48.1695905128226,117,-10,9,128.712908488831,4197.78812839671
"118","IUU_20_legal",2030,0.4,62312.9777942696,1228580.88651363,34833245.3115822,14.381711056298,118.860513620229,45.1695992145605,118,-10,13,186.921063353772,4197.78812839671
"119","IUU_20_legal",2030,0.45,57471.4840629591,1339611.3519798,33679278.6528143,13.2643039544504,129.602287562563,43.6732065868492,119,-10,17,208.681341941302,4197.78812839671
"120","IUU_20_legal",2030,0.5,30727.5896665072,1603511.03846756,29669934.8477195,7.09186644071491,155.133575428488,38.4741373881692,120,-10,41,263.69047004951,4197.78812839671
"121","IUU_40",2015,0.05,1456.31634601444,100143.122309982,2869406.31034642,0.35843330522831,9.94209626784241,3.06262074132353,121,13,NA,14.7064440738858,3431.52228195855
"122","IUU_40",2015,0.1,12280.5402450046,190658.576787925,9309198.40876487,3.02252641883252,18.9283685288733,9.93604287722402,122,11,30,25.5487064019982,5769.03409898872
"123","IUU_40",2015,0.15,21762.516099444,282014.214397756,14984506.2848098,5.35626108774766,27.9980532239004,15.9935034577974,123,11,28,36.3853837078911,8370.23355152141
"124","IUU_40",2015,0.2,33168.1062143298,465622.723816762,22702275.2493705,8.16344194110143,46.2264990136004,24.2309563491423,124,11,31,60.1668277564614,14429.7083974697
"125","IUU_40",2015,0.25,36998.0399949062,656460.049742096,27189952.7535694,9.10607767236576,65.1726135552893,29.0208162428677,125,12,36,87.1112959150276,21160.4304074014
"126","IUU_40",2015,0.3,36619.7829755385,585838.24188868,25931689.9368391,9.01297982721088,58.1613601003155,27.6778270026687,126,11,34,76.8323868415443,18809.9093608891
"127","IUU_40",2015,0.35,25625.3806334882,1029989.3684325,26392007.7458175,6.30700184292486,102.256183146682,28.1691407856956,127,14,NA,146.145218247833,37211.1496517235
"128","IUU_40",2015,0.4,6125.01259556634,1297904.07944685,20077952.9982507,1.5075079773719,128.854453572392,21.4299226547452,128,16,NA,192.648420985477,51286.0389079227
"129","IUU_40",2015,0.45,2624.38197828806,1343602.10618805,18550120.9574692,0.645921409337852,133.391302141035,19.7992124689885,129,16,NA,200.817185766994,54184.2289131245
"130","IUU_40",2015,0.5,-85255.2804643731,1958154.9933893,-12009824.2178091,-20.9833063047338,194.403419851152,-12.8185181082532,130,26,NA,317.888177717141,106668.302901665
"131","IUU_40",2020,0.05,2900.63741623115,101395.873133563,1837252.80322351,0.660257908113361,9.45055203348947,1.96334031804092,131,8,42,14.4875689136379,2359.83222257451
"132","IUU_40",2020,0.1,15699.6836068277,190327.260418315,6364599.63233972,3.57364219267164,17.7393578494607,6.80139120998301,132,6,19,24.8595528669965,4074.56219731715
"133","IUU_40",2020,0.15,26744.326382714,281692.185177248,10158330.1371936,6.08768020868158,26.2549803179686,10.8554789451564,133,6,19,35.8242559400041,5981.62716182976
"134","IUU_40",2020,0.2,35461.2030384131,381427.087623624,13196070.5329557,8.07186020779783,35.5507224028847,14.101694264179,134,6,19,48.4310278930098,8208.18363034731
"135","IUU_40",2020,0.25,50091.376110295,657316.022974743,18106277.7078774,11.4020549483484,61.2648137009134,19.3488805520667,135,7,24,85.7006355621745,14720.202640232
"136","IUU_40",2020,0.3,48480.4897893838,682751.944998535,17751811.3554772,11.0353767739231,63.6355561895054,18.970087780688,136,7,25,89.9151906963326,15478.4923729915
"137","IUU_40",2020,0.35,47642.1998516211,956365.58818529,17349960.7492523,10.8445609354448,89.137580010563,18.5406588552586,137,8,35,131.337799510597,23139.076320958
"138","IUU_40",2020,0.4,33978.8929323112,1321335.50024302,11144872.8467745,7.73444920828663,123.154419532387,11.9097263921006,138,10,NA,192.693239617243,36057.3732837417
"139","IUU_40",2020,0.45,28820.3841221449,1417674.49494646,8903257.09839617,6.56024307796299,132.133647721484,9.51427239218028,139,12,NA,209.45077793877,39747.0880712116
"140","IUU_40",2020,0.5,-5519.50217748235,1760379.67885138,-2756785.12058571,-1.25637728491648,164.075314305624,-2.94597856425901,140,16,NA,272.647671415928,58870.8736602798
"141","IUU_40",2025,0.05,4825.96009501739,103320.024441489,1694676.26156513,1.02333875334537,9.08260417203446,1.81221498168021,141,5,17,14.4595911995643,1472.59599547362
"142","IUU_40",2025,0.1,19505.1095409837,193052.324163286,5269425.27150767,4.13603388518344,16.9707455485492,5.63490009180345,142,4,12,24.9135150349336,2673.92600102111
"143","IUU_40",2025,0.15,32182.2939376321,285008.925591217,8243748.05804382,6.82421485248769,25.0544197084254,8.81551484186525,143,4,12,35.8377795187948,3927.2047691053
"144","IUU_40",2025,0.2,44466.6721075295,385080.274298126,11059851.5160052,9.42910175467839,33.8514409458836,11.8269365465428,144,4,12,47.8744882640966,5335.61689147976
"145","IUU_40",2025,0.25,58609.7032143309,587739.299098099,14273993.3480714,12.4281136686604,51.6666874491502,15.2640036214873,145,4,14,74.6842509119427,8362.82675259074
"146","IUU_40",2025,0.3,65206.3794222541,777793.582157206,15669416.5939475,13.8269305411432,68.373882724769,16.7562101091298,146,5,16,101.644751660606,10749.8421539304
"147","IUU_40",2025,0.35,58671.4718396335,1337322.82490334,12523131.3579048,12.4412116277749,117.56069488449,13.3917060025284,147,7,35,190.608577066129,20774.5004754709
"148","IUU_40",2025,0.4,67402.1451304448,1104106.59596467,15239217.3723669,14.2925398910378,97.059241217645,16.2961732913984,148,6,22,151.302474861231,15989.7116120772
"149","IUU_40",2025,0.45,54496.1577300946,1381289.58702962,11730678.9619809,11.5558415352845,121.425702653097,12.544290990746,149,7,38,198.205547478838,21946.2298109383
"150","IUU_40",2025,0.5,-13753.1723812027,2042539.08611937,-2925219.46418042,-2.91634286277147,179.55448738436,-3.12810573790325,150,18,NA,318.797086162359,51117.0417259131
"151","IUU_40",2030,0.05,5852.71403214661,103925.388957451,1450483.02876669,1.16215435873785,8.64247926934081,1.55156386630762,151,5,12,14.0186028847987,1000.4583060884
"152","IUU_40",2030,0.1,21867.3305622232,194847.122311445,4216984.96404551,4.34212459164492,16.2035690427564,4.51085698020115,152,4,9,24.1663151308607,1902.01812529599
"153","IUU_40",2030,0.15,35667.1803850441,289867.023463024,6562278.87079567,7.08231581462817,24.105464182293,7.01958904353251,153,4,9,35.1121046232739,2801.54695077802
"154","IUU_40",2030,0.2,48160.1962628417,386988.410547849,8671816.24928176,9.56301327847445,32.1821197802228,9.27613524653589,154,4,9,46.5101884366806,3756.80399999057
"155","IUU_40",2030,0.25,68646.7512645301,678444.455110301,12216491.9279836,13.6309617652729,56.4197276287375,13.0678312483358,155,4,11,84.5560983818602,6989.82671688093
"156","IUU_40",2030,0.3,71017.8859254185,686441.091281855,12532504.7778356,14.1017902503433,57.0847312725095,13.4058663093431,156,4,11,85.1313778452826,7054.86159250047
"157","IUU_40",2030,0.35,74462.400232737,986294.011811416,13461575.6286391,14.7857562350126,82.0206268753541,14.3996819781635,157,4,14,128.933033232686,10674.8650708472
"158","IUU_40",2030,0.4,64495.4239263792,1346828.98337808,11949646.3381899,12.8066462196849,112.002867489464,12.7823898010411,158,5,24,186.842779008647,15047.8546289124
"159","IUU_40",2030,0.45,58353.5090146546,1475983.8316893,10994762.0674009,11.5870661844307,122.743439261792,11.7609618341648,159,6,32,208.410984894834,16532.2208716035
"160","IUU_40",2030,0.5,26381.4921654073,1783756.86502522,7135395.17208023,5.23848695522059,148.337974793016,7.63264450618145,160,8,50,263.478584713723,22751.8751582005
"161","IUU_40_legal",2015,0.05,17716.7623266957,282177.697868353,57860087.3147555,4.36050703961471,28.0142836785275,61.7561559218731,161,7,25,15.0773023374681,14024.08856458
"162","IUU_40_legal",2015,0.1,26458.3968093444,371102.905779492,58308283.6019576,6.51202648749328,36.8426780534682,62.2345319679631,162,8,27,25.6186937180708,16220.5280898467
"163","IUU_40_legal",2015,0.15,33498.3335491001,459561.129145595,58271188.6258443,8.24471856441365,45.6247107293202,62.1949391634049,163,8,29,36.5172241217896,19341.222006795
"164","IUU_40_legal",2015,0.2,40236.549996994,635986.949668574,56165084.6230924,9.90315026393563,63.1400672641714,59.9470184771799,164,9,35,61.2156994072762,25343.2851425694
"165","IUU_40_legal",2015,0.25,39658.6199091722,818078.432930268,52024545.0550037,9.76090823517879,81.2179044074769,55.5276714102363,165,10,44,89.1323816036901,32302.6805038233
"166","IUU_40_legal",2015,0.3,40808.2371439243,750843.527111858,53760714.4793632,10.0438557598202,74.5428987676804,57.3807475919964,166,10,40,78.5146301735469,29477.5737853901
"167","IUU_40_legal",2015,0.35,20033.4666016649,1170800.26809609,38660993.8282833,4.93070181411291,116.235730495761,41.2642716898418,167,13,NA,149.4851866673,48010.9149739087
"168","IUU_40_legal",2015,0.4,-5240.90905155946,1421549.28501579,25930542.9172487,-1.28990954396167,141.129810166712,27.6766027473321,168,15,NA,196.346192387333,61998.2175694741
"169","IUU_40_legal",2015,0.45,-9926.29491370503,1464098.19656446,23510200.7058252,-2.44309191771921,145.354018129784,25.0932842988159,169,16,NA,204.53338037257,64353.0288352291
"170","IUU_40_legal",2015,0.5,-106639.792071363,2034183.8795006,-14569725.0868937,-26.2465317000701,201.951481938888,-15.5507925404664,170,28,NA,321.62678574768,117148.315261871
"171","IUU_40_legal",2020,0.05,19657.8679579915,288311.482100181,57978501.3568437,4.47462433714874,26.8719286025688,61.9574666555203,171,2,17,16.2100473955123,12745.7260673361
"172","IUU_40_legal",2020,0.1,30888.4008263698,379757.015278063,58245659.8555755,7.03097560572895,35.3950641387597,62.2429597846897,172,3,18,26.2137532797527,13938.9162475515
"173","IUU_40_legal",2020,0.15,39837.0996034903,471723.662326693,58008141.5578921,9.0679241405083,43.9667698346491,61.9891410128276,173,4,19,37.2601786825539,15265.2058983648
"174","IUU_40_legal",2020,0.2,46260.1273007891,571488.45259245,57070474.0185367,10.5299665203804,53.2652975989375,60.9871229553754,174,4,22,50.2849641548612,17767.4571097164
"175","IUU_40_legal",2020,0.25,54629.7001114196,845938.000095659,52401775.2638602,12.4350914438979,78.8452314669578,55.9980193971925,175,6,28,89.08077473928,24161.5927159844
"176","IUU_40_legal",2020,0.3,52615.5333102557,870903.33162137,51501872.5567614,11.9766165061872,81.1721128017264,55.0363579077876,176,6,30,93.4088809291414,24913.5970221747
"177","IUU_40_legal",2020,0.35,45800.2031293438,1140781.35697361,43649222.6456289,10.4252762307117,106.325960216474,46.6447940756701,177,8,44,136.208189369493,32923.9473888905
"178","IUU_40_legal",2020,0.4,24569.3304114995,1498403.29100971,29849038.8773997,5.59259651360364,139.657935093532,31.8975273190211,178,10,NA,199.067393122465,47076.7295785954
"179","IUU_40_legal",2020,0.45,17431.621275016,1592550.08722811,25835719.2708983,3.96787469321855,148.4328405108,27.6087804580537,179,12,NA,216.18895455124,50947.4859282845
"180","IUU_40_legal",2020,0.5,-22196.2856880706,1926096.41950561,9407203.91590707,-5.05243194971052,179.520860874468,10.0528042171048,180,16,NA,280.402244383339,71101.7794411617
"181","IUU_40_legal",2025,0.05,22345.1231395306,292400.241333134,59174886.5702477,4.7382551879293,25.7041717343008,63.2791161438644,181,-4,10,16.893536510554,11955.2424673223
"182","IUU_40_legal",2025,0.1,36077.1061505458,385229.183590155,60310380.5886328,7.65010487146908,33.8645311882093,64.4933653302106,182,-4,10,26.5155689633707,11955.2424673223
"183","IUU_40_legal",2025,0.15,47432.6137351455,478984.884208191,60977967.9262081,10.0580259372122,42.1063596448763,65.207254939791,183,-4,11,37.3762803719966,11955.2424673223
"184","IUU_40_legal",2025,0.2,58203.4461483022,580698.294304206,61383069.2435823,12.3419673700375,51.0477303799662,65.6404531222958,184,-4,11,49.6034467021732,11955.2424673223
"185","IUU_40_legal",2025,0.25,69443.0071391709,785697.877667849,60442392.6804676,14.725302106771,69.0687295153116,64.634533467165,185,-4,13,77.1363880641555,11955.2424673223
"186","IUU_40_legal",2025,0.3,73437.2946378553,977316.51382781,58386260.2345732,15.5722857346769,85.9134431478719,62.4357925587822,186,-4,15,104.822397793724,11955.2424673223
"187","IUU_40_legal",2025,0.35,61081.3717107886,1539006.01613257,47109579.6086597,12.9522278569355,135.290158306415,50.3769881503049,187,-4,30,195.806152863046,11955.2424673223
"188","IUU_40_legal",2025,0.4,71570.4969529895,1305326.91504256,52783268.7088859,15.1764336393496,114.748014709853,56.4441908497335,188,-4,20,155.684308710982,11955.2424673223
"189","IUU_40_legal",2025,0.45,56418.4307650683,1582869.587917,45819661.2925815,11.9634571086562,139.146094870921,48.9976041637836,189,-4,32,203.539173775688,11955.2424673223
"190","IUU_40_legal",2025,0.5,-15342.9008158121,2241945.71629086,24654478.5028374,-3.25344277292416,197.083824034417,26.3644545696832,190,-4,NA,325.451962017655,11955.2424673223
"191","IUU_40_legal",2030,0.05,24535.7138570548,294815.875895078,60008331.1691223,4.87197676959841,24.5170128421548,64.1901742198235,191,-9,5,16.4720270944068,11955.2424673223
"192","IUU_40_legal",2030,0.1,40422.1290275303,388425.681733057,61653038.8630462,8.02649047617629,32.3016438594415,65.9494978230099,192,-9,6,25.9550051017004,11955.2424673223
"193","IUU_40_legal",2030,0.15,53863.0858850989,485684.445752321,62905404.713817,10.6954174922297,40.3897237813009,67.2891381793027,193,-9,6,36.8222417748484,11955.2424673223
"194","IUU_40_legal",2030,0.2,65917.8585231759,584910.803527446,63934904.7831735,13.0890944236475,48.6414296314933,68.3903817487175,194,-9,6,48.3175877450406,11955.2424673223
"195","IUU_40_legal",2030,0.25,85233.1490367284,881938.824421267,64668197.0705256,16.924468736713,73.3424053866976,69.1747754947546,195,-9,8,87.0935510062681,11955.2424673223
"196","IUU_40_legal",2030,0.3,87575.8870791756,890131.054488905,64864069.9290403,17.3896585977683,74.0236747015348,69.3842982838081,196,-9,8,87.6896312260786,11955.2424673223
"197","IUU_40_legal",2030,0.35,90391.609753672,1195071.86026304,63323550.3091775,17.9487674763483,99.3826809916919,67.7364233827487,197,-9,10,132.329503718874,11955.2424673223
"198","IUU_40_legal",2030,0.4,81264.8587891337,1561267.83044865,59259330.5732333,16.1364982699093,129.835692643552,63.3889774892335,198,-9,15,191.465232067477,11955.2424673223
"199","IUU_40_legal",2030,0.45,75753.9309265886,1692408.84494682,57463929.8371364,15.0422112774184,140.741434835431,61.4684593911772,199,-9,20,213.578825030955,11955.2424673223
"200","IUU_40_legal",2030,0.5,44046.5267020108,2003672.11790612,51844549.0527259,8.74617531504957,166.626220168872,55.4574768404002,200,-9,42,269.360796613387,11955.2424673223
"201","IUU_60",2015,0.05,1571.19678160391,113666.858573358,3257691.54004648,0.338407917923813,10.0023412834114,3.02692234451094,201,13,NA,14.8392298152472,3894.66339885403
"202","IUU_60",2015,0.1,13927.039701523,216706.454623052,10602703.9565716,2.99963732322791,19.0695154653102,9.85162687254398,202,11,30,25.8805986166851,6530.99010897271
"203","IUU_60",2015,0.15,24717.5491750711,320624.444846211,17072245.128346,5.32372166901749,28.2139856894735,15.8628770142004,203,10,28,36.8745988700961,9677.42556641457
"204","IUU_60",2015,0.2,37598.696905579,529210.185532677,25857197.5381057,8.09809241301835,46.5689027812721,24.0255186939548,204,11,31,60.8817776003915,16343.7570457737
"205","IUU_60",2015,0.25,41788.3743263865,745780.374604446,30948845.1458922,9.00047461577501,65.6264272883891,28.7564828521406,205,12,37,88.0021125345953,23982.2490431486
"206","IUU_60",2015,0.3,41438.3773425685,665669.099000661,29524928.3710399,8.92509147347212,58.5768762644964,27.4334338619151,206,11,34,77.661111600427,21322.6493423337
"207","IUU_60",2015,0.35,28823.0138439401,1169247.27779856,29971978.0598143,6.20796593871583,102.890239635621,27.8488153292589,207,14,NA,147.333086707989,42270.4795630424
"208","IUU_60",2015,0.4,7045.018746463,1472775.00314591,22718851.1553342,1.51737207817537,129.599765490445,21.1094873036132,208,16,NA,194.051165231015,58364.1029133519
"209","IUU_60",2015,0.45,3221.74605327303,1524545.05673041,20968080.8977599,0.693906954706478,134.155374317079,19.4827385621774,209,16,NA,202.260478834298,61673.636936487
"210","IUU_60",2015,0.5,-95880.4089406254,2219739.24972546,-14033580.5148855,-20.6509394234874,195.330369947795,-13.0394661102242,210,26,NA,319.36889381609,122060.4755335
"211","IUU_60",2020,0.05,3229.15831682534,115028.475007683,2113661.39189683,0.643252437886508,9.50184497978937,1.96631264088108,211,8,44,14.5500634909875,2674.44715352415
"212","IUU_60",2020,0.1,17868.8970412341,216265.237081278,7304686.2546902,3.55950698490901,17.8644353680813,6.79545786062628,212,6,19,25.0324636003159,4604.89234873126
"213","IUU_60",2020,0.15,30448.0044858347,320156.021403563,11656396.1083397,6.06528116390023,26.446259367688,10.843798870914,213,6,19,36.1032685939775,6757.54002411256
"214","IUU_60",2020,0.2,40340.1440916328,433447.438791465,15144757.9736994,8.03580793683313,35.8046159440797,14.0889780931492,214,6,19,48.8065181675299,9276.98868264153
"215","IUU_60",2020,0.25,56801.8980164265,746480.60136574,20799622.0689305,11.3150102258128,61.6624966480994,19.3496271240419,215,7,24,86.277736707968,16660.2907008708
"216","IUU_60",2020,0.3,54942.1064067115,775251.216347538,20397746.8073959,10.9445373751394,64.0390727394714,18.9757676166287,216,7,25,90.4753240953807,17524.3863755935
"217","IUU_60",2020,0.35,54057.3736814598,1085309.61391068,19981962.3735269,10.7682974926193,89.6512251054843,18.5889685809211,217,8,36,132.038979258815,26240.3815814455
"218","IUU_60",2020,0.4,39324.2946675316,1498538.32293817,12953444.1661466,7.83344944137816,123.785687325517,12.0504263854598,218,11,NA,193.561225991301,40936.9936749093
"219","IUU_60",2020,0.45,33749.9190373402,1607582.77702809,10408839.9840489,6.72302673613868,132.793226533518,9.68321308039613,219,12,NA,210.364667718862,45240.7554476004
"220","IUU_60",2020,0.5,-4683.46114257834,1994910.40651028,-2861464.97272624,-0.932951407805872,164.788148586367,-2.66198491815224,220,16,NA,273.504197244361,67222.0095550382
"221","IUU_60",2025,0.05,5416.25201381021,117204.980593885,1952528.72632992,1.00500817240097,9.12987046943599,1.81762815915965,221,5,17,14.4619708588351,1664.66619885215
"222","IUU_60",2025,0.1,22189.6916228175,219341.542957742,6053953.46913984,4.11738991596529,17.0859622656249,5.63568471560173,222,4,12,24.9569434747267,3018.49612808906
"223","IUU_60",2025,0.15,36626.8290099597,323897.15602608,9469254.98944406,6.79626102889682,25.230489907108,8.81502242859617,223,4,11,35.944681626106,4430.69341085246
"224","IUU_60",2025,0.2,50581.5360604263,437620.516065276,12705160.6344208,9.38561517885527,34.0891539437886,11.8273587601332,224,4,12,48.0480642587068,6019.95075786131
"225","IUU_60",2025,0.25,66517.7310847699,667563.894489535,16412251.0299595,12.3426426944886,52.0009632344896,15.2783256015516,225,4,13,74.9581123689913,9449.23841390674
"226","IUU_60",2025,0.3,73904.2210850972,883013.387828325,18038473.1856475,13.7132367504443,68.7837480352866,16.7921917707751,226,5,16,101.974706433418,12132.448153408
"227","IUU_60",2025,0.35,67158.0055761143,1516691.11245923,14537586.5157961,12.4614482993127,118.145093567977,13.5331820018846,227,7,36,191.07918787652,23585.7268878338
"228","IUU_60",2025,0.4,76598.0148096023,1252726.38982878,17602375.1706811,14.2130814218125,97.5831369522675,16.3862238475034,228,6,23,151.751480368617,18097.1919151358
"229","IUU_60",2025,0.45,62464.6880720776,1566420.71812745,13638796.1276299,11.5905836432364,122.018861183879,12.6964892061869,229,7,38,198.699213119661,24924.4812917711
"230","IUU_60",2025,0.5,-14146.1171594,2313708.43663843,-3009178.49260108,-2.62487109475123,180.230039913954,-2.80127379962815,230,20,NA,319.004970843761,60016.1753718999
"231","IUU_60",2030,0.05,6573.23894161498,117890.260267965,1674284.01545286,1.14195289634185,8.68561958716566,1.55906768729627,231,4,12,13.9958714985823,1261.25501190851
"232","IUU_60",2030,0.1,24870.0632080844,221372.220869734,4852649.55755387,4.32061590411305,16.309701015759,4.51871310549926,232,4,9,24.1529734064055,2149.231574465
"233","IUU_60",2030,0.15,40568.6846640864,329403.060045151,7549909.01447305,7.04789942438188,24.2689231824346,7.03035988987087,233,4,9,35.1423760133464,3163.22643901559
"234","IUU_60",2030,0.2,54755.6076944246,439770.392657172,9978020.10225707,9.51255923495209,32.4002875864088,9.29137982626794,234,4,9,46.5857794228197,4241.90412857325
"235","IUU_60",2030,0.25,77783.6220899195,770451.173734941,14078527.7158079,13.5131604559806,56.7633474583597,13.1097098484119,235,4,11,84.7456430267554,7913.81944333771
"236","IUU_60",2030,0.3,80475.7996500683,779576.612257639,14441510.4202435,13.9808659493585,57.4356683726919,13.4477137953587,236,4,11,85.3440557003242,7985.95978185203
"237","IUU_60",2030,0.35,84104.2161715033,1119330.4057111,15552322.9318293,14.6112219721032,82.4671866382857,14.4820854297253,237,4,14,129.23971142686,12113.8958085592
"238","IUU_60",2030,0.4,73255.2240947923,1527715.15271255,13883051.0570856,12.726452829458,112.555122228495,12.9276849712574,238,5,25,187.58054345485,17074.5673711445
"239","IUU_60",2030,0.45,66452.0997026799,1673938.98047096,12812382.1830871,11.5445624900452,123.328230537883,11.9306944787014,239,6,33,209.391427430898,18770.4621348972
"240","IUU_60",2030,0.5,30993.1545557925,2022037.89553846,8448716.89421418,5.38436574816832,148.974579507756,7.86731605110653,240,8,50,264.359480022628,25985.196239293
"241","IUU_60_legal",2015,0.05,25929.4620909648,487583.660372426,78595558.4263114,5.58474621500331,42.9058939120103,73.0279859389397,241,8,NA,16.0755181156158,29636.0599385044
"242","IUU_60_legal",2015,0.1,33733.0319976837,584055.985991119,76374083.5796784,7.26549675842659,51.3951680711954,70.9638765018177,242,9,46,26.6205579809561,31937.8155249044
"243","IUU_60_legal",2015,0.15,39921.5006894171,681295.3997323,73765045.6542832,8.59838314772302,59.9519436753213,68.5396582795048,243,9,43,38.1985081901434,35725.808316215
"244","IUU_60_legal",2015,0.2,44258.7149418654,874335.667010901,67087790.119658,9.53254216710581,76.9389059174017,62.3354078987343,244,10,49,63.9607717193479,42435.6996299735
"245","IUU_60_legal",2015,0.25,40432.5160233494,1072385.43197274,58768765.2610538,8.70844678660511,94.3666888711226,54.6056882738088,245,11,NA,92.7685589579828,50178.4291050858
"246","IUU_60_legal",2015,0.3,42851.1816152204,999411.410240003,61974856.2671224,9.22938445442767,87.9451946963462,57.5846653763081,246,10,NA,81.8561721338745,47746.3970082071
"247","IUU_60_legal",2015,0.35,12532.6844390093,1452783.27035262,38820316.3137544,2.69931793182,127.840553203283,36.0703527103764,247,13,NA,154.231149121742,67843.3453808815
"248","IUU_60_legal",2015,0.4,-19681.2416448278,1721283.36024846,22339069.1023489,-4.23899035764485,151.467752612789,20.7566083498836,248,15,NA,201.458478655196,82970.910764078
"249","IUU_60_legal",2015,0.45,-25673.1734951648,1766669.75940558,19355632.5647047,-5.52954619734304,155.461619072129,17.9845132610107,249,16,NA,209.660495728357,85523.4555588867
"250","IUU_60_legal",2015,0.5,-139875.053229763,2371989.26946946,-24604275.985742,-30.1266054559036,208.727913233491,-22.8613519224395,250,36,NA,326.477729767413,149718.872444805
"251","IUU_60_legal",2020,0.05,28365.6636516601,496161.673170303,79060881.7567246,5.65047622506702,40.9850804599667,73.5493451285218,251,3,NA,15.1948957762695,28458.4465701329
"252","IUU_60_legal",2020,0.1,38617.2071896832,596901.014357178,77223710.9927151,7.69259671775816,49.3065817513631,71.8402482454647,252,4,29,25.9259145122797,29693.0585493553
"253","IUU_60_legal",2020,0.15,46822.264420649,699713.684236419,74964272.9564485,9.32705453895472,57.7993488778121,69.7383214235855,253,4,30,37.6121071621125,32357.816321919
"254","IUU_60_legal",2020,0.2,52187.4631644611,810977.514144771,71980412.2148843,10.3958089427635,66.9902180393498,66.9624732592297,254,5,31,51.1130689240552,34277.9412805179
"255","IUU_60_legal",2020,0.25,56469.6378196435,1115544.93142484,62199271.3633235,11.2488235726284,92.14879190288,57.8632007965754,255,6,41,90.9734896947924,42573.7093996785
"256","IUU_60_legal",2020,0.3,53846.9095468579,1142871.39900383,60965616.7497708,10.7263727697077,94.4060752300166,56.7155474068653,256,6,44,95.3384428692857,43402.8625809421
"257","IUU_60_legal",2020,0.35,41415.7526830389,1440042.60916097,48842785.5376514,8.25007053431206,118.953690689415,45.4378298183039,257,8,NA,138.840129869036,52532.6372172139
"258","IUU_60_legal",2020,0.4,11860.4988279782,1831418.78821341,30309867.628512,2.36262642989506,151.283040286462,28.1968890995783,258,10,NA,202.405032110834,68655.9624379597
"259","IUU_60_legal",2020,0.45,2337.0256083993,1934194.04852249,25139986.1244552,0.465538469319762,159.7727172221,23.387413280861,259,12,NA,219.629058371907,73052.2486314072
"260","IUU_60_legal",2020,0.5,-46203.5357049057,2296733.21539006,5237550.14650966,-9.20380299296561,189.720006034262,4.87242710673176,260,16,NA,283.935322042307,95939.0366052231
"261","IUU_60_legal",2025,0.05,31836.6342614166,501557.532454473,80769861.0218152,5.90742039566873,39.0696306682225,75.1894565365059,261,-2,19,14.1298804491061,26370.4315475177
"262","IUU_60_legal",2025,0.1,45137.6839215355,605654.754186763,80515549.9351107,8.37548568802331,47.1784511793326,74.952715849341,262,-2,17,25.0889878583149,26370.4315475177
"263","IUU_60_legal",2025,0.15,56258.5527908917,711873.476572419,79840629.8925542,10.4390093330466,55.4525293959423,74.3244261560888,263,-2,17,36.6354578339912,26370.4315475177
"264","IUU_60_legal",2025,0.2,66691.4891927383,827136.544233545,78819942.3810329,12.3748842368104,64.4311314342146,73.3742581316056,264,-2,17,49.3784169602271,26370.4315475177
"265","IUU_60_legal",2025,0.25,76124.6483932863,1058274.30725158,75293677.6502169,14.1252463071013,82.4359792338305,70.0916236766287,265,-2,19,77.5501328121458,26370.4315475177
"266","IUU_60_legal",2025,0.3,77701.3839732291,1273494.59446657,70989206.7806703,14.417816176361,99.2009096549714,66.0845494875198,266,-2,22,105.682224295413,26370.4315475177
"267","IUU_60_legal",2025,0.35,56730.3945748359,1900874.00300751,53920593.5636572,10.5265615458563,148.071637725968,50.1952098825846,267,-2,42,197.559551413949,26370.4315475177
"268","IUU_60_legal",2025,0.4,71060.7123812201,1640572.88637712,61820695.5137318,13.1856118396383,127.795063591975,57.5494923425813,268,-2,32,157.175978641631,26370.4315475177
"269","IUU_60_legal",2025,0.45,51156.6805809813,1949597.60839035,52232204.280746,9.49233564570127,151.867041331644,48.6234717243393,269,-2,44,205.326662305558,26370.4315475177
"270","IUU_60_legal",2025,0.5,-35184.4108835132,2679906.72867807,25513090.455677,-6.52861432386873,208.75564484567,23.7503863651685,270,-2,NA,327.194143661693,26370.4315475177
"271","IUU_60_legal",2030,0.05,34807.1386293099,503623.867848351,82194675.1231649,6.04695997272649,37.1047219779224,76.5384253027581,271,-7,12,13.3558992364281,26370.4315475177
"272","IUU_60_legal",2030,0.1,51536.2885149103,610424.616920545,83170721.5273533,8.9532747035439,44.9733166858898,77.4473047975313,272,-7,11,24.1009935211136,26370.4315475177
"273","IUU_60_legal",2030,0.15,65775.6290461584,721703.679494333,83744847.5079492,11.4270408797148,53.1718532175371,77.9819221363597,273,-7,11,35.6115015933697,26370.4315475177
"274","IUU_60_legal",2030,0.2,78494.468221177,835212.171587935,84087741.4699327,13.63665403436,61.5346440027715,78.3012197533491,274,-7,11,47.5600325028069,26370.4315475177
"275","IUU_60_legal",2030,0.25,97935.6419353795,1173622.5359022,82863386.9268179,17.0141221027525,86.4671845036303,77.1611195144728,275,-7,12,87.005148274893,26370.4315475177
"276","IUU_60_legal",2030,0.3,100511.988377239,1183101.2073717,82990372.1668065,17.4617045362215,87.165530019101,77.2793662292491,276,-7,12,87.6277322216396,26370.4315475177
"277","IUU_60_legal",2030,0.35,102027.758677551,1529123.00888835,79538707.3221618,17.7250356428502,112.658846685025,74.0652286773198,277,-7,15,132.598389254607,26370.4315475177
"278","IUU_60_legal",2030,0.4,91993.4936011416,1943633.56730284,73288255.0511851,15.9818070506074,143.198104271431,68.2449030475422,278,-7,26,192.042606938579,26370.4315475177
"279","IUU_60_legal",2030,0.45,86220.6944312358,2091818.57134987,70732846.2929286,14.9789126190147,154.115703153218,65.865345465877,279,-7,32,213.989140137913,26370.4315475177
"280","IUU_60_legal",2030,0.5,51755.9790715334,2442257.01279671,63370655.1384775,8.9914410123702,179.934417813851,59.0097855783877,280,-7,46,269.344987530007,26370.4315475177
